commit,subject,heuristic_subsystem_tags,heuristic_requirement_ids,touched_paths,audit_state,evidence_reference
64998b7aaf719ebd145bad388c3757a9ec2e72a9,docs(repo): publish project documentation,android-and-mobile;messaging-and-projections;protocol-events-vectors;requirements-and-architecture;spaces-and-mls;voice,MOB;LAT-001;LAT-008;LAT-009;LAT-010;LAT-013;LAT-016;LAT-002;LAT-003;LAT-006;LAT-011;LAT-018;SPC;IDN-004;IDN-008;LAT-003;LAT-007;MSG;LAT-003;LAT-004;LAT-007;VOC;LAT-016;LAT-017,.gitignore;.markdownlint-cli2.jsonc;docs/PLAN.md;docs/README.md;docs/REQUIREMENTS.md;docs/TECH_STACK.md;docs/TODO.md;docs/UI_UX.md;docs/architecture.md;docs/data/DATA_MODEL.md;docs/decisions/DECISIONS.md;docs/features/README.md;docs/features/cli.md;docs/features/desktop.md;docs/features/files.md;docs/features/identity.md;docs/features/messaging.md;docs/features/mobile.md;docs/features/networking.md;docs/features/spaces.md;docs/features/voice.md;docs/ops/DEPLOYMENT.md;docs/protocol/PROTOCOL.md;docs/quality/TEST_PLAN.md;docs/security/SECURITY_MODEL.md;docs/spec.md;docs/spec2.md,PENDING-AUDIT,
ebc85b0744ae4f40c29fcd19e75005e4215a401c,chore(repo): establish Bun workspace metadata,spaces-and-mls,SPC;IDN-004;IDN-008;LAT-003;LAT-007,.bun-version;.gitattributes;.gitignore;.markdownlint-cli2.jsonc;bun.lock;package.json;turbo.json,PENDING-AUDIT,
27997a06a648919e81c4bced4639475105545777,build(config): add shared TypeScript tooling,build-repository-maintenance,,biome.json;packages/config/package.json;packages/config/tsconfig.json;packages/config/typescript/base.json;packages/config/typescript/vite-app.json;rust-toolchain.toml,PENDING-AUDIT,
3bf23d47d226e96bd4ea172a833bd7ce1b82b140,build(desktop): initialize Tauri application,desktop,DSK;LAT-002;LAT-004,apps/desktop/index.html;apps/desktop/package.json;apps/desktop/src-tauri/.gitignore;apps/desktop/src-tauri/Cargo.toml;apps/desktop/src-tauri/build.rs;apps/desktop/src-tauri/capabilities/default.json;apps/desktop/src-tauri/icons/128x128.png;apps/desktop/src-tauri/icons/128x128@2x.png;apps/desktop/src-tauri/icons/32x32.png;apps/desktop/src-tauri/icons/Square107x107Logo.png;apps/desktop/src-tauri/icons/Square142x142Logo.png;apps/desktop/src-tauri/icons/Square150x150Logo.png;apps/desktop/src-tauri/icons/Square284x284Logo.png;apps/desktop/src-tauri/icons/Square30x30Logo.png;apps/desktop/src-tauri/icons/Square310x310Logo.png;apps/desktop/src-tauri/icons/Square44x44Logo.png;apps/desktop/src-tauri/icons/Square71x71Logo.png;apps/desktop/src-tauri/icons/Square89x89Logo.png;apps/desktop/src-tauri/icons/StoreLogo.png;apps/desktop/src-tauri/icons/icon.icns;apps/desktop/src-tauri/icons/icon.ico;apps/desktop/src-tauri/icons/icon.png;apps/desktop/src-tauri/src/lib.rs;apps/desktop/src-tauri/src/main.rs;apps/desktop/src-tauri/tauri.conf.json;apps/desktop/src/main.tsx;apps/desktop/src/vite-env.d.ts;apps/desktop/tsconfig.json;apps/desktop/vite.config.ts,PENDING-AUDIT,
a740323755143f72d1b9c69182e785728499de8c,feat(desktop): add protocol lab shell,desktop;product-feature,DSK;LAT-002;LAT-004,apps/desktop/src/App.css;apps/desktop/src/App.tsx,PENDING-AUDIT,
f25badcb77921a28da0a0756ea717099c596dd97,build(rust): define workspace boundaries,spaces-and-mls,SPC;IDN-004;IDN-008;LAT-003;LAT-007,Cargo.toml,PENDING-AUDIT,
908d98b5e4e982dd6f2c192cd92173bfd0ee940e,build(cli): initialize Rust command line app,cli-and-node,CLI;NET;LAT-004,apps/cli/Cargo.toml;apps/cli/src/main.rs,PENDING-AUDIT,
0c6579db58b792fa01085d4fa337c55d21967a55,chore(repo): ignore native build caches,build-repository-maintenance,,.gitignore,PENDING-AUDIT,
577b9e382d71d02817197482fb6d18714c0757b4,build(android): initialize Compose application,android-and-mobile;voice,MOB;LAT-001;LAT-008;LAT-009;LAT-010;LAT-013;LAT-016;VOC;LAT-016;LAT-017,apps/android/app/build.gradle.kts;apps/android/app/src/main/AndroidManifest.xml;apps/android/app/src/main/kotlin/com/astraive/lattice/MainActivity.kt;apps/android/app/src/main/res/values/strings.xml;apps/android/app/src/main/res/values/themes.xml;apps/android/build.gradle.kts;apps/android/gradle.properties;apps/android/gradle/wrapper/gradle-wrapper.jar;apps/android/gradle/wrapper/gradle-wrapper.properties;apps/android/gradlew;apps/android/gradlew.bat;apps/android/settings.gradle.kts,PENDING-AUDIT,
789f85c2ead8cfc3b401f6f3bd955f12ecd2400d,build(ios): initialize SwiftUI application,voice,VOC;LAT-016;LAT-017,apps/ios/Lattice.xcodeproj/project.pbxproj;apps/ios/Lattice.xcodeproj/xcshareddata/xcschemes/Lattice.xcscheme;apps/ios/Lattice/Info.plist;apps/ios/Lattice/LatticeApp.swift,PENDING-AUDIT,
e9d56da7d19d6956c84556fa42b0627a3d4dee3d,build(packages): initialize shared package workspaces,protocol-events-vectors;spaces-and-mls,LAT-002;LAT-003;LAT-006;LAT-011;LAT-018;SPC;IDN-004;IDN-008;LAT-003;LAT-007,packages/desktop-ui/package.json;packages/desktop-ui/src/index.ts;packages/protocol-inspector/package.json;packages/protocol-inspector/src/index.ts;packages/theme/package.json;packages/theme/src/index.ts,PENDING-AUDIT,
4b1d5419efb18ce5ecde3c6e53a7c5166d008a56,build(deps): pin current toolchain releases,android-and-mobile;desktop;messaging-and-projections,MOB;LAT-001;LAT-008;LAT-009;LAT-010;LAT-013;LAT-016;DSK;LAT-002;LAT-004;MSG;LAT-003;LAT-004;LAT-007,apps/android/app/build.gradle.kts;apps/desktop/package.json;apps/desktop/src-tauri/Cargo.toml;bun.lock;package.json,PENDING-AUDIT,
9ed10e7b2f1f70b32f1daee19a154c20d12f39cf,ci(repo): validate all platform scaffolds,build-repository-maintenance,,.github/workflows/ci.yml,PENDING-AUDIT,
de53a4f491331e248931f38b48dbed6dafa03a09,ci(deps): schedule dependency updates,build-repository-maintenance,,.github/dependabot.yml,PENDING-AUDIT,
c793c142eeaf871baf2e51d89072d538816b870a,build(core): initialize Rust domain crates,android-and-mobile;cli-and-node;files-and-transfers;identity-trust-pki;protocol-events-vectors;relay;spaces-and-mls;storage-outbox-courier;sync-routing-transport;tests-and-fuzzing;voice,MOB;LAT-001;LAT-008;LAT-009;LAT-010;LAT-013;LAT-016;CLI;NET;LAT-004;LAT-002;LAT-003;LAT-006;LAT-011;LAT-018;IDN;LAT-009;SPC;IDN-004;IDN-008;LAT-003;LAT-007;LAT-004;LAT-005;LAT-006;MSG;NET;LAT-002;LAT-005;LAT-007;LAT-011;NET-009;NET-010;NET-011;NET-013;FIL;LAT-006;VOC;LAT-016;LAT-017;LAT-006;LAT-007;LAT-018,Cargo.toml;crates/lattice-core/Cargo.toml;crates/lattice-core/src/lib.rs;crates/lattice-crypto/Cargo.toml;crates/lattice-crypto/src/lib.rs;crates/lattice-events/Cargo.toml;crates/lattice-events/src/lib.rs;crates/lattice-files/Cargo.toml;crates/lattice-files/src/lib.rs;crates/lattice-identity/Cargo.toml;crates/lattice-identity/src/lib.rs;crates/lattice-mesh/Cargo.toml;crates/lattice-mesh/src/lib.rs;crates/lattice-mls/Cargo.toml;crates/lattice-mls/src/lib.rs;crates/lattice-node/Cargo.toml;crates/lattice-node/src/lib.rs;crates/lattice-platform/Cargo.toml;crates/lattice-platform/src/lib.rs;crates/lattice-protocol/Cargo.toml;crates/lattice-protocol/src/lib.rs;crates/lattice-relay/Cargo.toml;crates/lattice-relay/src/lib.rs;crates/lattice-router/Cargo.toml;crates/lattice-router/src/lib.rs;crates/lattice-storage/Cargo.toml;crates/lattice-storage/src/lib.rs;crates/lattice-sync/Cargo.toml;crates/lattice-sync/src/lib.rs;crates/lattice-testkit/Cargo.toml;crates/lattice-testkit/src/lib.rs;crates/lattice-transport/Cargo.toml;crates/lattice-transport/src/lib.rs;crates/lattice-uniffi/Cargo.toml;crates/lattice-uniffi/src/lib.rs;crates/lattice-voice/Cargo.toml;crates/lattice-voice/src/lib.rs,PENDING-AUDIT,
a44459b4b3bfa46f866de346c6f5a35039c8ddab,build(protocol): initialize wire layout,protocol-events-vectors,LAT-002;LAT-003;LAT-006;LAT-011;LAT-018,protocol/schemas/.gitkeep;protocol/specs/.gitkeep;protocol/vectors/.gitkeep;transports/.gitkeep,PENDING-AUDIT,
e378390ea2701e0de8a7b42e4d58ce28383a603a,build(tooling): initialize protocol tooling layout,tests-and-fuzzing,LAT-006;LAT-007;LAT-018,tooling/benchmarks/.gitkeep;tooling/fuzz/.gitkeep;tooling/mesh-simulator/.gitkeep;tooling/network-chaos/.gitkeep;tooling/packet-inspector/.gitkeep,PENDING-AUDIT,
b4c8440a327ed3c08c5f7f4744ba91a3b691e40d,test(repo): initialize verification layout,android-and-mobile;protocol-events-vectors;sync-routing-transport;tests-and-fuzzing,MOB;LAT-001;LAT-008;LAT-009;LAT-010;LAT-013;LAT-016;LAT-002;LAT-003;LAT-006;LAT-011;LAT-018;NET;LAT-002;LAT-005;LAT-007;LAT-011;LAT-006;LAT-007;LAT-018,tests/e2e/.gitkeep;tests/interop/.gitkeep;tests/mesh/.gitkeep;tests/mobile/.gitkeep;tests/protocol/.gitkeep;tests/routing/.gitkeep;tests/security/.gitkeep;tests/sync/.gitkeep,PENDING-AUDIT,
8fc5bee803cdd4bee5e0b194e6fb84a8660b4a3b,build(design): initialize design asset layout,build-repository-maintenance,,design/assets/.gitkeep;design/icons/.gitkeep;design/scripts/.gitkeep;design/tokens/.gitkeep,PENDING-AUDIT,
ba382af9871380af21d2345b0ceb60358177cf3c,build(packages): add TypeScript project configs,protocol-events-vectors,LAT-002;LAT-003;LAT-006;LAT-011;LAT-018,packages/desktop-ui/tsconfig.json;packages/protocol-inspector/tsconfig.json;packages/theme/tsconfig.json,PENDING-AUDIT,
45bb66e4495d3633ff6289f6c9ae6a554f164229,test(packages): allow empty scaffold suites,protocol-events-vectors,LAT-002;LAT-003;LAT-006;LAT-011;LAT-018,packages/desktop-ui/package.json;packages/protocol-inspector/package.json;packages/theme/package.json,PENDING-AUDIT,
3a9470644767748eb6b2db8318ed4013154cdfae,fix(deps): update Tauri stable patch,android-and-mobile;behavior-fix;desktop,MOB;LAT-001;LAT-008;LAT-009;LAT-010;LAT-013;LAT-016;DSK;LAT-002;LAT-004,Cargo.lock;apps/desktop/src-tauri/Cargo.toml,PENDING-AUDIT,
e50f964663fa69feb6c10e4f5993c61037fdb81c,style(cli): apply rustfmt,cli-and-node,CLI;NET;LAT-004,apps/cli/src/main.rs,PENDING-AUDIT,
ad95159afbb880cab873db3af070fb2294e755b2,fix(lint): satisfy Rust clippy,behavior-fix;desktop,DSK;LAT-002;LAT-004,apps/desktop/src-tauri/build.rs,PENDING-AUDIT,
bf36ad3c3820ba04fac079f158f8cc0270ba425c,fix(lint): document desktop startup panic,behavior-fix;desktop,DSK;LAT-002;LAT-004,apps/desktop/src-tauri/src/lib.rs,PENDING-AUDIT,
30c595501f5aa708f6622a6705ce4bc15b445bbe,chore(ios): ignore Xcode build state,build-repository-maintenance,,.gitignore,PENDING-AUDIT,
521ba8f59b4c37ff09dbaa9590cf332f4a6676f5,chore(android): ignore Gradle outputs,build-repository-maintenance,,.gitignore,PENDING-AUDIT,
435a5ac7e7df603b7e11979e4c6851a162018e46,fix(android): mark Gradle wrapper executable,android-and-mobile;behavior-fix,MOB;LAT-001;LAT-008;LAT-009;LAT-010;LAT-013;LAT-016,apps/android/gradlew,PENDING-AUDIT,
9e192f34b0a27290cfaa46f52754afcc18da0e57,chore(android): ignore native build state,build-repository-maintenance,,.gitignore,PENDING-AUDIT,
b41562cdea096c6ba018680cb4da907ed7e010e3,fix(android): align Compose with API 37,android-and-mobile;behavior-fix,MOB;LAT-001;LAT-008;LAT-009;LAT-010;LAT-013;LAT-016,.github/workflows/ci.yml;apps/android/app/build.gradle.kts,PENDING-AUDIT,
7db402c286f24d8d4a120ae3fbcf4aeec835fd38,build(deps): bump gradle-wrapper from 9.6.0 to 9.7.1 in /apps/android,android-and-mobile,LAT-001;LAT-008;LAT-009;LAT-010;LAT-013;LAT-016;MOB,apps/android/gradle/wrapper/gradle-wrapper.jar;apps/android/gradle/wrapper/gradle-wrapper.properties;apps/android/gradlew;apps/android/gradlew.bat,PENDING-AUDIT,
294b08d4bd3258e76bf532e0fb0329a2a9c0fe31,docs(security): define membership and channel boundaries,requirements-and-architecture;spaces-and-mls,SPC;IDN-004;IDN-008;LAT-003;LAT-007,docs/architecture.md;docs/decisions/ADR-001-membership-commit-conflicts.md;docs/decisions/ADR-002-channel-read-semantics.md;docs/decisions/DECISIONS.md,PENDING-AUDIT,
3562485c1ea9bc7b0a9fdff6e1c2ce21d03dc1d3,docs(protocol): publish candidate encoding vectors,protocol-events-vectors;requirements-and-architecture,LAT-002;LAT-003;LAT-006;LAT-011;LAT-018,docs/protocol/PROTOCOL.md;protocol/specs/00-overview.md;protocol/specs/02-encoding.md;protocol/specs/03-identity.md;protocol/specs/05-events.md;protocol/vectors/canonical-cbor.json,PENDING-AUDIT,
9211ed5cc4dc26f97bae2b30d8cb5ddfe08a13b2,feat(identity): persist OS-protected device identity,identity-trust-pki;product-feature;requirements-and-architecture;storage-outbox-courier;voice,IDN;LAT-009;LAT-004;LAT-005;LAT-006;MSG;VOC;LAT-016;LAT-017,Cargo.lock;crates/lattice-core/Cargo.toml;crates/lattice-core/src/lib.rs;crates/lattice-crypto/Cargo.toml;crates/lattice-crypto/src/lib.rs;crates/lattice-identity/Cargo.toml;crates/lattice-identity/src/lib.rs;crates/lattice-platform/Cargo.toml;crates/lattice-platform/src/lib.rs;crates/lattice-storage/Cargo.toml;crates/lattice-storage/src/lib.rs;docs/data/DATA_MODEL.md,PENDING-AUDIT,
85c3aa1c17630ca3991669c6c7d1ac4469ec566f,feat(protocol): add candidate canonical event profile,product-feature;protocol-events-vectors;tests-and-fuzzing;voice,LAT-002;LAT-003;LAT-006;LAT-011;LAT-018;VOC;LAT-016;LAT-017;LAT-006;LAT-007;LAT-018,crates/lattice-events/Cargo.toml;crates/lattice-events/src/lib.rs;crates/lattice-protocol/Cargo.toml;crates/lattice-protocol/src/lib.rs;packages/protocol-inspector/package.json;packages/protocol-inspector/src/index.test.ts;packages/protocol-inspector/src/index.ts;packages/protocol-inspector/tsconfig.json;protocol/specs/05-events.md;protocol/vectors/canonical-cbor.json,PENDING-AUDIT,
1b2aa61680761162d26e14bc662da0572ca34af4,test(mls): add OpenMLS conformance harness,spaces-and-mls;voice,SPC;IDN-004;IDN-008;LAT-003;LAT-007;VOC;LAT-016;LAT-017,crates/lattice-mls/Cargo.toml;crates/lattice-mls/src/lib.rs,PENDING-AUDIT,
b073887e727184625513a5565e4a26a36234ffcc,feat(transport): add bounded routing and sync primitives,files-and-transfers;product-feature;sync-routing-transport;tests-and-fuzzing;voice,NET;LAT-002;LAT-005;LAT-007;LAT-011;FIL;LAT-006;VOC;LAT-016;LAT-017;LAT-006;LAT-007;LAT-018,crates/lattice-files/Cargo.toml;crates/lattice-files/src/lib.rs;crates/lattice-mesh/src/lib.rs;crates/lattice-router/src/lib.rs;crates/lattice-sync/src/lib.rs;crates/lattice-testkit/src/lib.rs;crates/lattice-voice/Cargo.toml;crates/lattice-voice/src/lib.rs,PENDING-AUDIT,
a092dda1dd1c7dce2ab6990844b563527e1ebea9,feat(android): add permission-aware BLE discovery,android-and-mobile;product-feature;voice,MOB;LAT-001;LAT-008;LAT-009;LAT-010;LAT-013;LAT-016;VOC;LAT-016;LAT-017,apps/android/app/build.gradle.kts;apps/android/app/src/main/AndroidManifest.xml;apps/android/app/src/main/kotlin/com/astraive/lattice/BleFrameCodec.kt;apps/android/app/src/main/kotlin/com/astraive/lattice/DiscoveryPermissionState.kt;apps/android/app/src/main/kotlin/com/astraive/lattice/MainActivity.kt;apps/android/app/src/main/kotlin/com/astraive/lattice/NearbyServiceScanner.kt;apps/android/app/src/test/kotlin/com/astraive/lattice/BleFrameCodecTest.kt;apps/android/app/src/test/kotlin/com/astraive/lattice/DiscoveryPermissionStateTest.kt,PENDING-AUDIT,
7c337d65ab6ab45d5b5f0bfc481a90cd042c5851,feat(apps): add protected identity workflows,cli-and-node;desktop;product-feature,DSK;LAT-002;LAT-004;CLI;NET;LAT-004,apps/cli/Cargo.toml;apps/cli/src/main.rs;apps/desktop/package.json;apps/desktop/src-tauri/Cargo.toml;apps/desktop/src-tauri/src/lib.rs;apps/desktop/src/App.tsx;bun.lock,PENDING-AUDIT,
d273f7f42885258a023436ec917e7681694d951e,feat(ui): add shared theme and status components,product-feature;tests-and-fuzzing,LAT-006;LAT-007;LAT-018,packages/desktop-ui/src/components.tsx;packages/desktop-ui/src/index.ts;packages/desktop-ui/test/components.test.tsx;packages/desktop-ui/tsconfig.json;packages/theme/package.json;packages/theme/src/index.test.ts;packages/theme/src/index.ts;packages/theme/tsconfig.json,PENDING-AUDIT,
546c102e0da66ab1fc52c058b225136647f6a25f,chore(router): clarify forwarding policy description,sync-routing-transport;voice,NET;LAT-002;LAT-005;LAT-007;LAT-011;VOC;LAT-016;LAT-017,crates/lattice-router/Cargo.toml,PENDING-AUDIT,
f270d964e6bf3f509dad50d90f65c74ecd876247,fix(protocol): use checked canonical integer conversions,behavior-fix;protocol-events-vectors;voice,LAT-002;LAT-003;LAT-006;LAT-011;LAT-018;VOC;LAT-016;LAT-017,crates/lattice-protocol/src/lib.rs,PENDING-AUDIT,
89e15434f42997abce2a6f609e77deb5e3510f98,docs(identity): describe fallible API errors,android-and-mobile;identity-trust-pki;voice,MOB;LAT-001;LAT-008;LAT-009;LAT-010;LAT-013;LAT-016;IDN;LAT-009;VOC;LAT-016;LAT-017,crates/lattice-identity/src/lib.rs,PENDING-AUDIT,
ec4404157f2e70d1c0fff02df42a0acc89983648,feat(files): add bounded verified attachment receiver,files-and-transfers;product-feature;voice,FIL;LAT-006;VOC;LAT-016;LAT-017,crates/lattice-files/src/lib.rs,PENDING-AUDIT,
ec046a2cb9b1ea88685f601c2b54570a3ffb9cee,"feat(mls,cli): add bounded state and JSON workflows",cli-and-node;product-feature;requirements-and-architecture;spaces-and-mls;voice,CLI;NET;LAT-004;SPC;IDN-004;IDN-008;LAT-003;LAT-007;VOC;LAT-016;LAT-017,Cargo.lock;apps/cli/Cargo.toml;apps/cli/src/main.rs;crates/lattice-mls/Cargo.toml;crates/lattice-mls/src/api.rs;crates/lattice-mls/src/lib.rs;docs/features/cli.md,PENDING-AUDIT,
fe7ebf36d236361c4d9eb08e0d324d4d452ee9c6,test(cli): pin JSON capability contract,cli-and-node;messaging-and-projections;tests-and-fuzzing,CLI;NET;LAT-004;MSG;LAT-003;LAT-004;LAT-007;LAT-006;LAT-007;LAT-018,apps/cli/tests/json_output.rs,PENDING-AUDIT,
d310bb09e8a07c1bdf24e5a4d62388032144b165,feat(mls): bind plaintext to authenticated sender key,product-feature;spaces-and-mls;voice,SPC;IDN-004;IDN-008;LAT-003;LAT-007;VOC;LAT-016;LAT-017,Cargo.lock;crates/lattice-mls/Cargo.toml;crates/lattice-mls/src/api.rs;crates/lattice-mls/src/lib.rs,PENDING-AUDIT,
5d00c122ac04de53002a100ef2caab0b127fd6e9,feat(core): bind MLS plaintext to signed events,product-feature;spaces-and-mls;voice,SPC;IDN-004;IDN-008;LAT-003;LAT-007;VOC;LAT-016;LAT-017,Cargo.lock;crates/lattice-core/Cargo.toml;crates/lattice-core/src/lib.rs;crates/lattice-mls/src/api.rs;crates/lattice-mls/src/lib.rs,PENDING-AUDIT,
86f4d584858113099d8706bdc7891b3b7a8ef9bd,feat(transport): add bounded platform adapter ports,product-feature;sync-routing-transport;voice,NET;LAT-002;LAT-005;LAT-007;LAT-011;VOC;LAT-016;LAT-017,crates/lattice-transport/src/lib.rs,PENDING-AUDIT,
fb30631d93250184ba5bf74e1fe73e0c31af9254,perf(core): move bound plaintext without copying,spaces-and-mls;voice,SPC;IDN-004;IDN-008;LAT-003;LAT-007;VOC;LAT-016;LAT-017,crates/lattice-core/src/lib.rs;crates/lattice-mls/src/api.rs,PENDING-AUDIT,
63c3aceb081614287a909f9a02bfbcf4a194a04c,refactor(transport): reuse platform adapter contract,sync-routing-transport;voice,NET;LAT-002;LAT-005;LAT-007;LAT-011;VOC;LAT-016;LAT-017,Cargo.lock;crates/lattice-transport/Cargo.toml;crates/lattice-transport/src/lib.rs,PENDING-AUDIT,
343b314ed53e95b64cac81a6b2999261460cd8af,docs: report current implementation maturity accurately,requirements-and-architecture,,docs/README.md,PENDING-AUDIT,
8f68674004fd0fb3fc58118f556986fb542ce6fb,feat(mls): bind events to group references,product-feature;protocol-events-vectors;spaces-and-mls;voice,LAT-002;LAT-003;LAT-006;LAT-011;LAT-018;SPC;IDN-004;IDN-008;LAT-003;LAT-007;VOC;LAT-016;LAT-017,crates/lattice-core/src/lib.rs;crates/lattice-mls/src/api.rs;crates/lattice-mls/src/lib.rs;protocol/specs/05-events.md;protocol/specs/08-mls.md,PENDING-AUDIT,
fb6f29f5ee7fae2cc795a3f7d58c94cf4ccb91c7,feat(transport): add bounded envelope receive port,product-feature;sync-routing-transport;voice,NET;LAT-002;LAT-005;LAT-007;LAT-011;VOC;LAT-016;LAT-017,crates/lattice-platform/src/lib.rs;crates/lattice-transport/src/lib.rs,PENDING-AUDIT,
567922aec4f65803ea2fe6891fb9060044e5c354,docs: track authorization profile prerequisites,requirements-and-architecture,,docs/TODO.md,PENDING-AUDIT,
b79f7b281cb256eb9ea308cfad2cde71a482e44e,test(protocol): share MLS group reference vector,android-and-mobile;protocol-events-vectors;spaces-and-mls;voice,MOB;LAT-001;LAT-008;LAT-009;LAT-010;LAT-013;LAT-016;LAT-002;LAT-003;LAT-006;LAT-011;LAT-018;SPC;IDN-004;IDN-008;LAT-003;LAT-007;VOC;LAT-016;LAT-017,apps/android/app/build.gradle.kts;apps/android/app/src/test/kotlin/com/astraive/lattice/MlsGroupReferenceVectorTest.kt;crates/lattice-mls/src/api.rs;protocol/specs/08-mls.md;protocol/vectors/mls-group-reference.txt,PENDING-AUDIT,
d8252d7790572ca83be1a6c473997a374d83fd6e,feat(android): protect identity material with Keystore,android-and-mobile;product-feature;voice,MOB;LAT-001;LAT-008;LAT-009;LAT-010;LAT-013;LAT-016;VOC;LAT-016;LAT-017,apps/android/app/src/main/kotlin/com/astraive/lattice/AndroidPrivateKeyProtector.kt;apps/android/app/src/test/kotlin/com/astraive/lattice/AndroidPrivateKeyProtectorTest.kt,PENDING-AUDIT,
5dbcbe945cd2d40dee92bf43c3f83c8319e9d689,feat(protocol-inspector): verify candidate signed events,product-feature;protocol-events-vectors;tests-and-fuzzing,LAT-002;LAT-003;LAT-006;LAT-011;LAT-018;LAT-006;LAT-007;LAT-018,packages/protocol-inspector/src/index.test.ts;packages/protocol-inspector/src/index.ts,PENDING-AUDIT,
6e8f74fa5ade8b3a6558794f1e2f14b037c2625d,docs(protocol): specify Space and relay profiles,protocol-events-vectors;relay;requirements-and-architecture;spaces-and-mls,LAT-002;LAT-003;LAT-006;LAT-011;LAT-018;SPC;IDN-004;IDN-008;LAT-003;LAT-007;NET-009;NET-010;NET-011;NET-013,docs/decisions/ADR-003-nostr-envelope-relay-profile.md;docs/decisions/DECISIONS.md;docs/features/networking.md;docs/protocol/PROTOCOL.md;protocol/specs/00-overview.md;protocol/specs/06-spaces.md;protocol/specs/07-permissions.md;protocol/specs/08-mls.md;protocol/specs/09-envelope.md;protocol/specs/13-relay.md,PENDING-AUDIT,
7e047d88889105bf7066fe9a494598fc737e9234,docs(protocol): clarify candidate freeze gates,protocol-events-vectors;requirements-and-architecture,LAT-002;LAT-003;LAT-006;LAT-011;LAT-018,docs/protocol/PROTOCOL.md,PENDING-AUDIT,
ca92119fcd2393fab4430f7fe442e94eda39835c,feat(mls): persist provider state with event transactions,product-feature;protocol-events-vectors;spaces-and-mls;storage-outbox-courier;voice,LAT-002;LAT-003;LAT-006;LAT-011;LAT-018;SPC;IDN-004;IDN-008;LAT-003;LAT-007;LAT-004;LAT-005;LAT-006;MSG;VOC;LAT-016;LAT-017,Cargo.lock;crates/lattice-events/src/lib.rs;crates/lattice-mls/Cargo.toml;crates/lattice-mls/src/api.rs;crates/lattice-mls/src/lib.rs;crates/lattice-mls/src/storage.rs;crates/lattice-storage/src/lib.rs,PENDING-AUDIT,
ed5e808726b575e139d436649916bbbd4989d8ec,feat(core): authorize messages and file manifests,messaging-and-projections;product-feature;protocol-events-vectors;requirements-and-architecture;spaces-and-mls;voice,LAT-002;LAT-003;LAT-006;LAT-011;LAT-018;SPC;IDN-004;IDN-008;LAT-003;LAT-007;MSG;LAT-003;LAT-004;LAT-007;VOC;LAT-016;LAT-017,crates/lattice-core/Cargo.toml;crates/lattice-core/src/lib.rs;crates/lattice-core/src/space.rs;docs/README.md;docs/features/files.md;protocol/specs/05-events.md;protocol/specs/06-spaces.md;protocol/specs/07-permissions.md,PENDING-AUDIT,
7d2fbb2a478685423b0963022a1f9eb0482297b4,feat(relay): add strict NIP event and capability codecs,product-feature;protocol-events-vectors;relay;voice,LAT-002;LAT-003;LAT-006;LAT-011;LAT-018;NET-009;NET-010;NET-011;NET-013;VOC;LAT-016;LAT-017,crates/lattice-relay/Cargo.toml;crates/lattice-relay/src/lib.rs;crates/lattice-relay/src/nip01.rs;crates/lattice-relay/src/nip11.rs;protocol/specs/00-overview.md,PENDING-AUDIT,
7633c5a3bc056497c6c9284a35287a1c3a73cbc2,feat(core): create local spaces atomically,product-feature;spaces-and-mls;storage-outbox-courier;voice,SPC;IDN-004;IDN-008;LAT-003;LAT-007;LAT-004;LAT-005;LAT-006;MSG;VOC;LAT-016;LAT-017,crates/lattice-core/src/lib.rs;crates/lattice-storage/src/lib.rs,PENDING-AUDIT,
b6ce5a9d73a13c5c3f0be657aa9b33ba1ea6885c,feat(relay): validate mailbox events across protocol layers,product-feature;protocol-events-vectors;relay;requirements-and-architecture;voice,LAT-002;LAT-003;LAT-006;LAT-011;LAT-018;NET-009;NET-010;NET-011;NET-013;VOC;LAT-016;LAT-017,Cargo.lock;crates/lattice-relay/Cargo.toml;crates/lattice-relay/src/lib.rs;crates/lattice-relay/src/profile.rs;docs/README.md;docs/features/networking.md;docs/protocol/PROTOCOL.md,PENDING-AUDIT,
da3d6bc7b5b7e390ac36049a36c6e36fbc76872a,feat(core): restore protected local Space genesis,product-feature;requirements-and-architecture;spaces-and-mls;storage-outbox-courier;voice,SPC;IDN-004;IDN-008;LAT-003;LAT-007;LAT-004;LAT-005;LAT-006;MSG;VOC;LAT-016;LAT-017,crates/lattice-core/src/lib.rs;crates/lattice-mls/src/lib.rs;crates/lattice-mls/src/storage.rs;crates/lattice-storage/src/lib.rs;docs/README.md;docs/data/DATA_MODEL.md,PENDING-AUDIT,
48b646f9571361e82189e1710bbb10d157bb1178,feat(network): add bounded relay and TCP clients,product-feature;protocol-events-vectors;relay;requirements-and-architecture;sync-routing-transport;voice,LAT-002;LAT-003;LAT-006;LAT-011;LAT-018;NET;LAT-002;LAT-005;LAT-007;LAT-011;NET-009;NET-010;NET-011;NET-013;VOC;LAT-016;LAT-017,Cargo.lock;crates/lattice-relay/Cargo.toml;crates/lattice-relay/src/lib.rs;crates/lattice-relay/src/network.rs;crates/lattice-transport/Cargo.toml;crates/lattice-transport/src/lib.rs;crates/lattice-transport/src/tcp_peer.rs;docs/features/networking.md;docs/protocol/PROTOCOL.md,PENDING-AUDIT,
5413b14907a7b4ff8dc09c433fec08a9ccb862b2,feat(mobile): expose protected Android device identity,android-and-mobile;product-feature;requirements-and-architecture;voice,MOB;LAT-001;LAT-008;LAT-009;LAT-010;LAT-013;LAT-016;VOC;LAT-016;LAT-017,apps/android/app/build.gradle.kts;apps/android/app/src/main/kotlin/com/astraive/lattice/AndroidMobileProfile.kt;apps/android/app/src/main/kotlin/com/astraive/lattice/MainActivity.kt;apps/android/app/src/main/kotlin/uniffi/lattice_uniffi/lattice_uniffi.kt;crates/lattice-uniffi/Cargo.toml;crates/lattice-uniffi/src/bin/uniffi-bindgen.rs;crates/lattice-uniffi/src/lib.rs;docs/README.md;docs/features/mobile.md,PENDING-AUDIT,
24d86eea3d5bfab8f36582404e91090e7ea502a3,feat(transport): accept bounded TCP peers,product-feature;requirements-and-architecture;sync-routing-transport;voice,NET;LAT-002;LAT-005;LAT-007;LAT-011;VOC;LAT-016;LAT-017,crates/lattice-transport/src/lib.rs;crates/lattice-transport/src/tcp_peer.rs;docs/features/networking.md,PENDING-AUDIT,
22b2faf9acf445d9942acb6e8cfb804fbfa9c38b,refactor(rust): clear strict workspace lint,files-and-transfers;requirements-and-architecture;spaces-and-mls;sync-routing-transport;tests-and-fuzzing;voice,SPC;IDN-004;IDN-008;LAT-003;LAT-007;NET;LAT-002;LAT-005;LAT-007;LAT-011;FIL;LAT-006;VOC;LAT-016;LAT-017;LAT-006;LAT-007;LAT-018,crates/lattice-crypto/src/lib.rs;crates/lattice-files/src/lib.rs;crates/lattice-mesh/src/lib.rs;crates/lattice-platform/src/lib.rs;crates/lattice-router/src/lib.rs;crates/lattice-sync/src/lib.rs;crates/lattice-testkit/src/lib.rs;crates/lattice-voice/src/lib.rs;docs/README.md,PENDING-AUDIT,
92fd401389c6ac427a0c3250f7a0292802c1a4f1,fix(sync): keep overflow fixture IDs unique,behavior-fix;sync-routing-transport;voice,NET;LAT-002;LAT-005;LAT-007;LAT-011;VOC;LAT-016;LAT-017,crates/lattice-sync/src/lib.rs,PENDING-AUDIT,
06b6d0cdc445d3e5d06458bd4143bef4f6bcde26,feat(core): enumerate recoverable local Spaces,android-and-mobile;cli-and-node;desktop;product-feature;requirements-and-architecture;spaces-and-mls;storage-outbox-courier;voice,MOB;LAT-001;LAT-008;LAT-009;LAT-010;LAT-013;LAT-016;DSK;LAT-002;LAT-004;CLI;NET;LAT-004;SPC;IDN-004;IDN-008;LAT-003;LAT-007;LAT-004;LAT-005;LAT-006;MSG;VOC;LAT-016;LAT-017,apps/cli/src/main.rs;apps/desktop/src-tauri/src/lib.rs;apps/desktop/src/App.css;apps/desktop/src/App.tsx;crates/lattice-core/src/lib.rs;crates/lattice-storage/src/lib.rs;docs/README.md;docs/features/desktop.md;docs/features/spaces.md,PENDING-AUDIT,
951b8a94437f32481bb8630c26072a6465321b28,feat(mobile): expose paged local Space snapshots,android-and-mobile;product-feature;requirements-and-architecture;spaces-and-mls;voice,MOB;LAT-001;LAT-008;LAT-009;LAT-010;LAT-013;LAT-016;SPC;IDN-004;IDN-008;LAT-003;LAT-007;VOC;LAT-016;LAT-017,apps/android/app/src/main/kotlin/com/astraive/lattice/AndroidMobileProfile.kt;apps/android/app/src/main/kotlin/com/astraive/lattice/MainActivity.kt;apps/android/app/src/main/kotlin/uniffi/lattice_uniffi/lattice_uniffi.kt;crates/lattice-uniffi/src/lib.rs;docs/README.md;docs/features/mobile.md,PENDING-AUDIT,
45d7f710e59278e527e626c344fd4471b566e4e4,fix(cli): validate local Space cursors early,behavior-fix;cli-and-node;requirements-and-architecture;spaces-and-mls,CLI;NET;LAT-004;SPC;IDN-004;IDN-008;LAT-003;LAT-007,apps/cli/src/main.rs;docs/PLAN.md;docs/REQUIREMENTS.md;docs/TODO.md;docs/features/cli.md,PENDING-AUDIT,
8663d7618294ec5793fb2f826287cd28db7b04a7,fix(messaging): authorize author deletions and tagged reaction removals,behavior-fix;messaging-and-projections;protocol-events-vectors;requirements-and-architecture;spaces-and-mls;voice,LAT-002;LAT-003;LAT-006;LAT-011;LAT-018;SPC;IDN-004;IDN-008;LAT-003;LAT-007;MSG;LAT-003;LAT-004;LAT-007;VOC;LAT-016;LAT-017,crates/lattice-core/src/space.rs;docs/features/messaging.md;protocol/specs/07-permissions.md,PENDING-AUDIT,
4f9827f349dd3064326afed488b3320695ed6da9,feat(cli): add peer pinning and isolate Space commands,cli-and-node;identity-trust-pki;messaging-and-projections;product-feature;spaces-and-mls,CLI;NET;LAT-004;IDN;LAT-009;SPC;IDN-004;IDN-008;LAT-003;LAT-007;MSG;LAT-003;LAT-004;LAT-007,apps/cli/src/identity.rs;apps/cli/src/main.rs;apps/cli/src/space.rs,PENDING-AUDIT,
187a005633236bc4d1c306efe379620d8a1da948,feat(desktop): add identity pin and local Space panels,desktop;messaging-and-projections;product-feature;spaces-and-mls,DSK;LAT-002;LAT-004;SPC;IDN-004;IDN-008;LAT-003;LAT-007;MSG;LAT-003;LAT-004;LAT-007,apps/desktop/src/App.css;apps/desktop/src/App.tsx;apps/desktop/src/features/identity/PeerIdentityPinPanel.tsx;apps/desktop/src/features/spaces/LocalSpaceBrowser.tsx,PENDING-AUDIT,
2bb2c5caa0d556e7b9b395a5e21ae41230df56cc,feat(identity): persist and expose peer identity pins,android-and-mobile;desktop;identity-trust-pki;messaging-and-projections;product-feature;protocol-events-vectors;requirements-and-architecture;spaces-and-mls;storage-outbox-courier;tests-and-fuzzing;voice,MOB;LAT-001;LAT-008;LAT-009;LAT-010;LAT-013;LAT-016;DSK;LAT-002;LAT-004;LAT-002;LAT-003;LAT-006;LAT-011;LAT-018;IDN;LAT-009;SPC;IDN-004;IDN-008;LAT-003;LAT-007;MSG;LAT-003;LAT-004;LAT-007;LAT-004;LAT-005;LAT-006;MSG;VOC;LAT-016;LAT-017;LAT-006;LAT-007;LAT-018,.github/workflows/ci.yml;Cargo.lock;apps/android/app/src/main/kotlin/com/astraive/lattice/AndroidMobileProfile.kt;apps/android/app/src/main/kotlin/com/astraive/lattice/MainActivity.kt;apps/android/app/src/main/kotlin/com/astraive/lattice/identity/IdentityPinCard.kt;apps/android/app/src/main/kotlin/uniffi/lattice_uniffi/lattice_uniffi.kt;apps/android/app/src/test/kotlin/com/astraive/lattice/IdentityPinHexTest.kt;apps/desktop/src-tauri/src/encoding.rs;apps/desktop/src-tauri/src/identity.rs;apps/desktop/src-tauri/src/lib.rs;apps/desktop/src-tauri/src/profile.rs;apps/desktop/src-tauri/src/spaces.rs;crates/lattice-core/src/identity_pin.rs;crates/lattice-core/src/lib.rs;crates/lattice-identity/Cargo.toml;crates/lattice-identity/src/lib.rs;crates/lattice-identity/src/pinned_identity.rs;crates/lattice-storage/src/lib.rs;crates/lattice-storage/src/trusted_identities.rs;crates/lattice-uniffi/src/identity.rs;crates/lattice-uniffi/src/lib.rs;crates/lattice-uniffi/src/mobile_client.rs;docs/architecture.md;docs/data/DATA_MODEL.md;docs/features/cli.md;docs/features/mobile.md;docs/spec.md;docs/spec2.md;packages/desktop-ui/src/components.tsx;packages/desktop-ui/test/components.test.tsx;protocol/specs/03-identity.md;protocol/vectors/identity-bundle.json,PENDING-AUDIT,
d49a03a8ce346528875306a95b4c7b6052ab1fd9,feat(messaging): project authorized edits reactions and pins,messaging-and-projections;product-feature;protocol-events-vectors;requirements-and-architecture;spaces-and-mls;voice,LAT-002;LAT-003;LAT-006;LAT-011;LAT-018;SPC;IDN-004;IDN-008;LAT-003;LAT-007;MSG;LAT-003;LAT-004;LAT-007;VOC;LAT-016;LAT-017,crates/lattice-core/src/space.rs;crates/lattice-core/src/space/message_projection.rs;docs/features/messaging.md;docs/features/spaces.md;protocol/specs/07-permissions.md,PENDING-AUDIT,
709385119b6a99e628698d45dc145fa18cd006d1,refactor(cli): split identity and Space dispatch,cli-and-node;spaces-and-mls,CLI;NET;LAT-004;SPC;IDN-004;IDN-008;LAT-003;LAT-007,apps/cli/src/main.rs,PENDING-AUDIT,
83547514294d7b1a7788792232f9968c13cf4e14,fix(uniffi): normalize mobile identity byte inputs,android-and-mobile;behavior-fix;voice,MOB;LAT-001;LAT-008;LAT-009;LAT-010;LAT-013;LAT-016;VOC;LAT-016;LAT-017,crates/lattice-uniffi/src/mobile_client.rs,PENDING-AUDIT,
fb270a547affe5b10bd5c5f03d0bec56e2f888e8,build(android): ignore generated JNI libraries,build-repository-maintenance,,.gitignore,PENDING-AUDIT,
155111b0e4b4a14fecfed3798725c7477632a2ac,docs(android): record native ABI verification status,android-and-mobile;requirements-and-architecture,MOB;LAT-001;LAT-008;LAT-009;LAT-010;LAT-013;LAT-016,docs/features/mobile.md,PENDING-AUDIT,
4d872da8680dace31d38d87922b2a59499852b52,fix(files): reject unsafe incoming filename hints,behavior-fix;files-and-transfers;requirements-and-architecture;voice,FIL;LAT-006;VOC;LAT-016;LAT-017,crates/lattice-files/src/lib.rs;docs/features/files.md,PENDING-AUDIT,
9f710c24e5aad48a9d8546b1b70e0adf8aa0409f,fix(sync): reject cross-summary author forks,behavior-fix;sync-routing-transport;voice,NET;LAT-002;LAT-005;LAT-007;LAT-011;VOC;LAT-016;LAT-017,crates/lattice-sync/src/lib.rs,PENDING-AUDIT,
7350b8bd94a8d29aa5922d71b0a5298ae9728fa6,fix(router): constrain volatile route classes,behavior-fix;sync-routing-transport;voice,NET;LAT-002;LAT-005;LAT-007;LAT-011;VOC;LAT-016;LAT-017,crates/lattice-router/src/lib.rs,PENDING-AUDIT,
dd8efae44ca88da67cc1a4a4d9192a09aeabb424,docs(networking): record sync and route boundaries,requirements-and-architecture;sync-routing-transport,NET;LAT-002;LAT-005;LAT-007;LAT-011,docs/features/networking.md,PENDING-AUDIT,
64d4ec917f801b7928dd645917033406bf54c149,docs(voice): clarify signaling-only implementation scope,requirements-and-architecture;voice,VOC;LAT-016;LAT-017,docs/features/voice.md,PENDING-AUDIT,
9d34244c288fabe2e6508a1556285f8e4a606ee3,docs(apps): clarify CLI and desktop boundaries,requirements-and-architecture,,docs/features/cli.md;docs/features/desktop.md,PENDING-AUDIT,
50cad408e8c0336273e791f1c696a75b0ba2dfac,docs(requirements): include CLI identity pin requirement,messaging-and-projections;requirements-and-architecture,MSG;LAT-003;LAT-004;LAT-007,docs/REQUIREMENTS.md,PENDING-AUDIT,
41e760ef2ff36d8c3e1962f0b784dfd36854add3,chore(desktop): annotate owned Tauri command inputs,desktop;identity-trust-pki;spaces-and-mls,DSK;LAT-002;LAT-004;IDN;LAT-009;SPC;IDN-004;IDN-008;LAT-003;LAT-007,apps/desktop/src-tauri/src/identity.rs;apps/desktop/src-tauri/src/spaces.rs,PENDING-AUDIT,
32cc5ac34b2ef3a7179ad415b6ac8aabc41e2e8e,docs(android): record packaged native ABI verification,android-and-mobile;requirements-and-architecture,MOB;LAT-001;LAT-008;LAT-009;LAT-010;LAT-013;LAT-016,docs/features/mobile.md,PENDING-AUDIT,
a96da166fcd27672b927fa3eda29b18f08bff8df,docs(android): record offline emulator limitation,android-and-mobile;requirements-and-architecture,MOB;LAT-001;LAT-008;LAT-009;LAT-010;LAT-013;LAT-016,docs/features/mobile.md,PENDING-AUDIT,
dd1d3d9b74ab317045ceea9237b0598b4cfec190,feat(identity): add fingerprint-bound device trust,android-and-mobile;cli-and-node;desktop;identity-trust-pki;messaging-and-projections;product-feature;protocol-events-vectors;requirements-and-architecture;tests-and-fuzzing;voice,MOB;LAT-001;LAT-008;LAT-009;LAT-010;LAT-013;LAT-016;DSK;LAT-002;LAT-004;CLI;NET;LAT-004;LAT-002;LAT-003;LAT-006;LAT-011;LAT-018;IDN;LAT-009;MSG;LAT-003;LAT-004;LAT-007;VOC;LAT-016;LAT-017;LAT-006;LAT-007;LAT-018,apps/android/app/src/main/kotlin/com/astraive/lattice/identity/IdentityPinCard.kt;apps/cli/src/identity.rs;apps/desktop/src-tauri/src/identity.rs;apps/desktop/src/features/identity/PeerIdentityPinPanel.tsx;crates/lattice-identity/src/lib.rs;docs/features/identity.md;packages/protocol-inspector/src/index.test.ts;packages/protocol-inspector/src/index.ts,PENDING-AUDIT,
bb56eaad136ac8a474cb38e87e3c16c02b00bd21,feat(space): persist protected policy and local history,messaging-and-projections;product-feature;protocol-events-vectors;requirements-and-architecture;spaces-and-mls;storage-outbox-courier;voice,LAT-002;LAT-003;LAT-006;LAT-011;LAT-018;SPC;IDN-004;IDN-008;LAT-003;LAT-007;MSG;LAT-003;LAT-004;LAT-007;LAT-004;LAT-005;LAT-006;MSG;VOC;LAT-016;LAT-017,crates/lattice-core/Cargo.toml;crates/lattice-core/src/lib.rs;crates/lattice-core/src/space.rs;crates/lattice-mls/Cargo.toml;crates/lattice-mls/src/api.rs;crates/lattice-mls/src/lib.rs;crates/lattice-mls/src/storage.rs;crates/lattice-storage/src/lib.rs;docs/features/messaging.md;docs/features/spaces.md;docs/security/SECURITY_MODEL.md;protocol/specs/05-events.md;protocol/specs/06-spaces.md;protocol/specs/07-permissions.md,PENDING-AUDIT,
fc238c15f9d5039e23e6636056e6ef726995969c,feat(files): add authenticated chunk manifests,files-and-transfers;product-feature;voice,FIL;LAT-006;VOC;LAT-016;LAT-017,crates/lattice-files/src/lib.rs,PENDING-AUDIT,
ec0e5a3275dc1910b35c7e7adcb5d7f4a06a330e,feat(voice): model local session lifecycle,product-feature;voice,VOC;LAT-016;LAT-017,crates/lattice-voice/src/lib.rs,PENDING-AUDIT,
370be31799022dcb2b920697ae6b8c1e9cd6bcd2,feat(cli): expose local Space and relay workflows,cli-and-node;product-feature;relay;requirements-and-architecture;spaces-and-mls;sync-routing-transport,CLI;NET;LAT-004;SPC;IDN-004;IDN-008;LAT-003;LAT-007;NET;LAT-002;LAT-005;LAT-007;LAT-011;NET-009;NET-010;NET-011;NET-013,apps/cli/Cargo.toml;apps/cli/src/doctor.rs;apps/cli/src/main.rs;apps/cli/src/relay.rs;apps/cli/src/space.rs;apps/cli/src/sync.rs;docs/features/cli.md,PENDING-AUDIT,
c2e682721169e5a93c54d6852acf93f832f8cc70,feat(desktop): add local Space messaging workflows,desktop;messaging-and-projections;product-feature;requirements-and-architecture;spaces-and-mls,DSK;LAT-002;LAT-004;SPC;IDN-004;IDN-008;LAT-003;LAT-007;MSG;LAT-003;LAT-004;LAT-007,apps/desktop/src-tauri/Cargo.toml;apps/desktop/src-tauri/src/encoding.rs;apps/desktop/src-tauri/src/lib.rs;apps/desktop/src-tauri/src/spaces.rs;apps/desktop/src/App.css;apps/desktop/src/App.tsx;apps/desktop/src/features/spaces/LocalSpaceBrowser.tsx;apps/desktop/src/features/spaces/LocalSpaceCreator.tsx;docs/features/desktop.md,PENDING-AUDIT,
7e6866081876e7c621a08cf91362a81fa62e1be8,feat(mobile): add protected Space messaging workflows,android-and-mobile;messaging-and-projections;product-feature;requirements-and-architecture;spaces-and-mls;voice,MOB;LAT-001;LAT-008;LAT-009;LAT-010;LAT-013;LAT-016;SPC;IDN-004;IDN-008;LAT-003;LAT-007;MSG;LAT-003;LAT-004;LAT-007;VOC;LAT-016;LAT-017,apps/android/app/build.gradle.kts;apps/android/app/src/main/kotlin/com/astraive/lattice/AndroidMobileProfile.kt;apps/android/app/src/main/kotlin/com/astraive/lattice/MainActivity.kt;apps/android/app/src/main/kotlin/com/astraive/lattice/SpaceCreationCard.kt;apps/android/app/src/main/kotlin/com/astraive/lattice/SpaceMessageComposer.kt;apps/android/app/src/main/kotlin/uniffi/lattice_uniffi/lattice_uniffi.kt;apps/android/app/src/test/kotlin/com/astraive/lattice/SpaceCreationInputTest.kt;crates/lattice-uniffi/src/lib.rs;crates/lattice-uniffi/src/mobile_client.rs;crates/lattice-uniffi/uniffi.toml;docs/features/mobile.md,PENDING-AUDIT,
684d2cc90f264a1808afecc095b079630c00cef7,build(rust): lock application and transport dependencies,build-repository-maintenance,LAT-002;LAT-005;LAT-007;LAT-011;NET,Cargo.lock,PENDING-AUDIT,
3ec8056b59218df2d97a6e6d7d315253a4406c42,docs(requirements): update shipped capability evidence,requirements-and-architecture,,docs/README.md;docs/REQUIREMENTS.md,PENDING-AUDIT,
b7a46bca081ca6f4f4c9383566e89fe7bbbc6e71,feat(voice): terminate sessions on permission revocation,product-feature;requirements-and-architecture;voice,VOC;LAT-016;LAT-017,crates/lattice-voice/src/lib.rs;docs/features/voice.md,PENDING-AUDIT,
c40a6d90211d01494194c0fa9545d144344a05bd,fix(sync): gate range requests on missing dependencies,behavior-fix;requirements-and-architecture;sync-routing-transport;voice,NET;LAT-002;LAT-005;LAT-007;LAT-011;VOC;LAT-016;LAT-017,crates/lattice-sync/src/lib.rs;docs/features/networking.md,PENDING-AUDIT,
95f0001eeeb3e8a7c77d8379ea5d6ebf795d24cd,fix(files): bound source reads and retry interruptions,behavior-fix;files-and-transfers;requirements-and-architecture;voice,FIL;LAT-006;VOC;LAT-016;LAT-017,crates/lattice-files/src/lib.rs;docs/features/files.md,PENDING-AUDIT,
2ed2a32b56efee64e77da6f45a22a69be1f63ecb,fix(files): reuse bounded reader for size probe,behavior-fix;files-and-transfers;voice,FIL;LAT-006;VOC;LAT-016;LAT-017,crates/lattice-files/src/lib.rs,PENDING-AUDIT,
a7661d1b7102c5e92a029fb0d883b78323c6fcf8,feat(core): queue authorized text edits,messaging-and-projections;product-feature;requirements-and-architecture;voice,MSG;LAT-003;LAT-004;LAT-007;VOC;LAT-016;LAT-017,crates/lattice-core/src/lib.rs;docs/features/messaging.md,PENDING-AUDIT,
afc4852c9d73de1eac79f6be9fe6ab2107458b51,docs(voice): fix target section spacing,requirements-and-architecture;voice,VOC;LAT-016;LAT-017,docs/features/voice.md,PENDING-AUDIT,
7caf789560d9afb1cc7f2f77267181914dcaad45,style(sync): format dependency scheduling tests,sync-routing-transport;voice,NET;LAT-002;LAT-005;LAT-007;LAT-011;VOC;LAT-016;LAT-017,crates/lattice-sync/src/lib.rs,PENDING-AUDIT,
fc531b5f7b5c26383f59e70372d8c89fd1c28304,style(voice): format permission revocation call,voice,VOC;LAT-016;LAT-017,crates/lattice-voice/src/lib.rs,PENDING-AUDIT,
5f4f56c1935af0baf23fdaeb0de9fa73e5abca8b,feat(core): replay accepted membership policy history,product-feature;requirements-and-architecture;spaces-and-mls;storage-outbox-courier;voice,SPC;IDN-004;IDN-008;LAT-003;LAT-007;LAT-004;LAT-005;LAT-006;MSG;VOC;LAT-016;LAT-017,crates/lattice-core/src/lib.rs;crates/lattice-core/src/space.rs;crates/lattice-storage/src/lib.rs;docs/features/spaces.md,PENDING-AUDIT,
9cacb39fec912a84293a2639f67dc976a76ed645,feat(core): persist edited local message projections,messaging-and-projections;product-feature;requirements-and-architecture;storage-outbox-courier;voice,MSG;LAT-003;LAT-004;LAT-007;LAT-004;LAT-005;LAT-006;MSG;VOC;LAT-016;LAT-017,crates/lattice-core/src/lib.rs;crates/lattice-storage/src/lib.rs;docs/features/messaging.md,PENDING-AUDIT,
34bc00e8dab1dc46c33620ed6f9fcfc7167219eb,feat(uniffi): expose local text edit queue,android-and-mobile;messaging-and-projections;product-feature;requirements-and-architecture;voice,MOB;LAT-001;LAT-008;LAT-009;LAT-010;LAT-013;LAT-016;MSG;LAT-003;LAT-004;LAT-007;VOC;LAT-016;LAT-017,crates/lattice-core/src/lib.rs;crates/lattice-uniffi/src/lib.rs;crates/lattice-uniffi/src/mobile_client.rs;docs/features/messaging.md,PENDING-AUDIT,
4f71f5192262ae109ebe1fa00ef5562c9bb278bd,feat(cli): add local Space edit command,cli-and-node;messaging-and-projections;product-feature;requirements-and-architecture;spaces-and-mls,CLI;NET;LAT-004;SPC;IDN-004;IDN-008;LAT-003;LAT-007;MSG;LAT-003;LAT-004;LAT-007,apps/cli/src/main.rs;apps/cli/src/space.rs;docs/features/cli.md,PENDING-AUDIT,
89e578b27ce0c9483c32f2b1afed76b592ab1b6f,feat(desktop): expose local message edits,desktop;messaging-and-projections;product-feature;requirements-and-architecture;spaces-and-mls,DSK;LAT-002;LAT-004;SPC;IDN-004;IDN-008;LAT-003;LAT-007;MSG;LAT-003;LAT-004;LAT-007,apps/desktop/src-tauri/src/lib.rs;apps/desktop/src-tauri/src/spaces.rs;apps/desktop/src/App.tsx;apps/desktop/src/features/spaces/LocalSpaceBrowser.tsx;docs/features/desktop.md,PENDING-AUDIT,
1d3834f7ba14d4c70e8a3a12d5e1def21fb96d08,feat(cli): show local Space message history,cli-and-node;messaging-and-projections;product-feature;requirements-and-architecture;spaces-and-mls,CLI;NET;LAT-004;SPC;IDN-004;IDN-008;LAT-003;LAT-007;MSG;LAT-003;LAT-004;LAT-007,apps/cli/src/main.rs;apps/cli/src/space.rs;docs/features/cli.md,PENDING-AUDIT,
5177c4676de44cbea78ffc30cb4112ebf558ee27,feat(android): expose local message edits,android-and-mobile;messaging-and-projections;product-feature;requirements-and-architecture;spaces-and-mls;voice,MOB;LAT-001;LAT-008;LAT-009;LAT-010;LAT-013;LAT-016;SPC;IDN-004;IDN-008;LAT-003;LAT-007;MSG;LAT-003;LAT-004;LAT-007;VOC;LAT-016;LAT-017,apps/android/app/src/main/kotlin/com/astraive/lattice/AndroidMobileProfile.kt;apps/android/app/src/main/kotlin/com/astraive/lattice/MainActivity.kt;apps/android/app/src/main/kotlin/com/astraive/lattice/SpaceMessageComposer.kt;apps/android/app/src/main/kotlin/uniffi/lattice_uniffi/lattice_uniffi.kt;docs/features/mobile.md,PENDING-AUDIT,
887dc5537fe315b8b987708aafccbdbeb376a8f5,docs(security): align membership conflict semantics,requirements-and-architecture;spaces-and-mls,SPC;IDN-004;IDN-008;LAT-003;LAT-007,docs/security/SECURITY_MODEL.md;docs/spec.md;docs/spec2.md,PENDING-AUDIT,
c835988503585cd2576c3f1b1d394aa9da880bfc,fix(core): restore cached message for local edits,behavior-fix;messaging-and-projections;requirements-and-architecture;spaces-and-mls;voice,SPC;IDN-004;IDN-008;LAT-003;LAT-007;MSG;LAT-003;LAT-004;LAT-007;VOC;LAT-016;LAT-017,crates/lattice-core/src/lib.rs;crates/lattice-core/src/space.rs;docs/features/messaging.md,PENDING-AUDIT,
f9581e2f978f98b3445f0f02af2157394558b2fa,feat(desktop): add local Space recovery flow,android-and-mobile;desktop;product-feature;requirements-and-architecture;spaces-and-mls,MOB;LAT-001;LAT-008;LAT-009;LAT-010;LAT-013;LAT-016;DSK;LAT-002;LAT-004;SPC;IDN-004;IDN-008;LAT-003;LAT-007,apps/desktop/src-tauri/src/lib.rs;apps/desktop/src-tauri/src/spaces.rs;apps/desktop/src/App.css;apps/desktop/src/features/spaces/LocalSpaceBrowser.tsx;docs/features/cli.md;docs/features/desktop.md;docs/features/mobile.md,PENDING-AUDIT,
fee197ecb64f69d8954421f913c5ad839e8b5693,feat(mobile): expose local Space recovery,android-and-mobile;product-feature;spaces-and-mls;voice,MOB;LAT-001;LAT-008;LAT-009;LAT-010;LAT-013;LAT-016;SPC;IDN-004;IDN-008;LAT-003;LAT-007;VOC;LAT-016;LAT-017,apps/android/app/src/main/kotlin/com/astraive/lattice/AndroidMobileProfile.kt;apps/android/app/src/main/kotlin/com/astraive/lattice/MainActivity.kt;apps/android/app/src/main/kotlin/com/astraive/lattice/SpaceCreationCard.kt;apps/android/app/src/main/kotlin/uniffi/lattice_uniffi/lattice_uniffi.kt;crates/lattice-uniffi/src/lib.rs;crates/lattice-uniffi/src/mobile_client.rs,PENDING-AUDIT,
66af4c4775716ddf5a5c08bc58d6a1ba6c13723e,feat(cli): add local Space recovery command,cli-and-node;product-feature;spaces-and-mls,CLI;NET;LAT-004;SPC;IDN-004;IDN-008;LAT-003;LAT-007,apps/cli/src/main.rs;apps/cli/src/space.rs,PENDING-AUDIT,
710f665e4cd930f16bc8ac7c89ebbf343e43425e,feat(core): recover conflicted Space generations,product-feature;requirements-and-architecture;spaces-and-mls;storage-outbox-courier;voice,SPC;IDN-004;IDN-008;LAT-003;LAT-007;LAT-004;LAT-005;LAT-006;MSG;VOC;LAT-016;LAT-017,crates/lattice-core/src/lib.rs;crates/lattice-mls/src/api.rs;crates/lattice-mls/src/lib.rs;crates/lattice-storage/src/lib.rs;docs/features/spaces.md,PENDING-AUDIT,
2ec9a687ca9f743aaf67b5a5c6be54cadab6ea4b,docs(cli): document local recovery invocation,requirements-and-architecture,,docs/features/cli.md,PENDING-AUDIT,
083520fa450179b0d9e3d0e87344946976993f79,fix(desktop): clarify local outbox delivery state,behavior-fix;desktop;storage-outbox-courier,DSK;LAT-002;LAT-004;LAT-004;LAT-005;LAT-006;MSG,apps/desktop/src/App.tsx,PENDING-AUDIT,
1a0c7978b5bd4c77d3158a8cf6b3caa99be6a2ba,docs(desktop): record Windows bundle evidence,requirements-and-architecture,,docs/features/desktop.md,PENDING-AUDIT,
d73be1ea174193ed4b8540709bdabb193a39b8d4,fix(cli): report local recovery capability,behavior-fix;cli-and-node;requirements-and-architecture;tests-and-fuzzing,CLI;NET;LAT-004;LAT-006;LAT-007;LAT-018,apps/cli/src/main.rs;apps/cli/tests/json_output.rs;docs/features/cli.md,PENDING-AUDIT,
554133f2852ed6aa643261b01b384aa8cee4be1b,feat(core): add pinned Welcome bootstrap checkpoints,messaging-and-projections;product-feature;protocol-events-vectors;spaces-and-mls;storage-outbox-courier;voice,LAT-002;LAT-003;LAT-006;LAT-011;LAT-018;SPC;IDN-004;IDN-008;LAT-003;LAT-007;MSG;LAT-003;LAT-004;LAT-007;LAT-004;LAT-005;LAT-006;MSG;VOC;LAT-016;LAT-017,crates/lattice-core/src/bootstrap_snapshot.rs;crates/lattice-core/src/lib.rs;crates/lattice-core/src/space.rs;crates/lattice-core/src/space_bootstrap.rs;crates/lattice-mls/src/api.rs;crates/lattice-storage/src/lib.rs;protocol/specs/06-spaces.md;protocol/specs/07-permissions.md;protocol/vectors/space-welcome-bootstrap-v1.json,PENDING-AUDIT,
0c03eec0ad4d6e3c86e95ca79b424205d0a38e8e,feat(files): bind transfers to authorized manifests,files-and-transfers;product-feature;requirements-and-architecture;spaces-and-mls;voice,SPC;IDN-004;IDN-008;LAT-003;LAT-007;FIL;LAT-006;VOC;LAT-016;LAT-017,crates/lattice-core/src/space.rs;crates/lattice-files/src/lib.rs;docs/features/files.md,PENDING-AUDIT,
9a39972cdf67227192744fe02725d318e77aacc2,feat(sync): add bounded direct transport exchanges,cli-and-node;product-feature;requirements-and-architecture;sync-routing-transport;voice,CLI;NET;LAT-004;NET;LAT-002;LAT-005;LAT-007;LAT-011;VOC;LAT-016;LAT-017,Cargo.lock;crates/lattice-node/Cargo.toml;crates/lattice-node/src/lib.rs;crates/lattice-node/src/sync.rs;docs/features/networking.md,PENDING-AUDIT,
60481d862c7828def97cf24721d0ed1bba13f2aa,feat(spaces): import pinned Welcome bootstrap in clients,android-and-mobile;cli-and-node;desktop;messaging-and-projections;product-feature;requirements-and-architecture;spaces-and-mls;tests-and-fuzzing;voice,MOB;LAT-001;LAT-008;LAT-009;LAT-010;LAT-013;LAT-016;DSK;LAT-002;LAT-004;CLI;NET;LAT-004;SPC;IDN-004;IDN-008;LAT-003;LAT-007;MSG;LAT-003;LAT-004;LAT-007;VOC;LAT-016;LAT-017;LAT-006;LAT-007;LAT-018,apps/android/app/src/main/kotlin/com/astraive/lattice/AndroidMobileProfile.kt;apps/android/app/src/main/kotlin/com/astraive/lattice/MainActivity.kt;apps/android/app/src/main/kotlin/com/astraive/lattice/SpaceCreationCard.kt;apps/android/app/src/main/kotlin/uniffi/lattice_uniffi/lattice_uniffi.kt;apps/android/app/src/test/kotlin/com/astraive/lattice/SpaceCreationInputTest.kt;apps/cli/src/main.rs;apps/cli/src/space.rs;apps/cli/tests/json_output.rs;apps/desktop/src-tauri/src/lib.rs;apps/desktop/src-tauri/src/spaces.rs;apps/desktop/src/features/spaces/LocalSpaceBrowser.tsx;crates/lattice-core/src/lib.rs;crates/lattice-core/src/space_bootstrap.rs;crates/lattice-uniffi/src/lib.rs;crates/lattice-uniffi/src/mobile_client.rs;docs/features/cli.md;docs/features/desktop.md;docs/features/mobile.md,PENDING-AUDIT,
56e6f96d50eeb7df4d55929a745daa9b63090789,docs(voice): clarify caller-clocked signaling limits,requirements-and-architecture;voice,VOC;LAT-016;LAT-017,crates/lattice-voice/src/lib.rs;docs/features/voice.md,PENDING-AUDIT,
1c98f493851be4042cfae2f7d97c9d1dfef72031,docs(core): clarify pinned Welcome checkpoint import,messaging-and-projections;spaces-and-mls;voice,SPC;IDN-004;IDN-008;LAT-003;LAT-007;MSG;LAT-003;LAT-004;LAT-007;VOC;LAT-016;LAT-017,crates/lattice-core/src/space.rs,PENDING-AUDIT,
7ac90b9ee6fe6ca654c220c19eb4d847ddf9917b,docs(voice): record libwebrtc integration prerequisites,requirements-and-architecture;voice,VOC;LAT-016;LAT-017,docs/features/voice.md,PENDING-AUDIT,
6a6a9bb9ecbc26937c4327cb6cbb55c655a84141,feat(sync): authenticate direct anti-entropy sessions,cli-and-node;identity-trust-pki;messaging-and-projections;product-feature;protocol-events-vectors;requirements-and-architecture;sync-routing-transport;voice,CLI;NET;LAT-004;LAT-002;LAT-003;LAT-006;LAT-011;LAT-018;IDN;LAT-009;MSG;LAT-003;LAT-004;LAT-007;NET;LAT-002;LAT-005;LAT-007;LAT-011;VOC;LAT-016;LAT-017,Cargo.lock;crates/lattice-core/src/identity_pin.rs;crates/lattice-crypto/src/lib.rs;crates/lattice-node/Cargo.toml;crates/lattice-node/src/sync.rs;crates/lattice-node/src/sync/direct_session.rs;docs/features/networking.md;docs/protocol/PROTOCOL.md;docs/security/SECURITY_MODEL.md,PENDING-AUDIT,
c6b553fe0dd96997c9b09453ac454287a7d108f1,docs(core): clarify checkpoint restoration,voice,VOC;LAT-016;LAT-017,crates/lattice-core/src/lib.rs,PENDING-AUDIT,
bcbcbc4f98e8e1d02e57d66581ccc791e3964c02,feat(sync): expose bounded stored event pages,cli-and-node;product-feature;storage-outbox-courier;sync-routing-transport;voice,CLI;NET;LAT-004;LAT-004;LAT-005;LAT-006;MSG;NET;LAT-002;LAT-005;LAT-007;LAT-011;VOC;LAT-016;LAT-017,apps/cli/src/sync.rs;crates/lattice-storage/src/lib.rs,PENDING-AUDIT,
b328fa4bc28128c2222b9f4c18d8d46de44f5cee,docs(cli): document committed event status count,requirements-and-architecture,,docs/features/cli.md,PENDING-AUDIT,
a45afa928e34c9feacc9dee9235c009a19a9f7d5,feat(sync): serve verified events from scoped store,cli-and-node;product-feature;requirements-and-architecture;sync-routing-transport;voice,CLI;NET;LAT-004;NET;LAT-002;LAT-005;LAT-007;LAT-011;VOC;LAT-016;LAT-017,Cargo.lock;crates/lattice-node/Cargo.toml;crates/lattice-node/src/sync.rs;crates/lattice-node/src/sync/direct_session.rs;crates/lattice-node/src/sync/store_source.rs;docs/features/networking.md,PENDING-AUDIT,
2e6725a5476a11e3cd7473791395b8e424994b0d,feat(cli): serve one pinned direct sync request,cli-and-node;messaging-and-projections;product-feature;requirements-and-architecture;sync-routing-transport;voice,CLI;NET;LAT-004;MSG;LAT-003;LAT-004;LAT-007;NET;LAT-002;LAT-005;LAT-007;LAT-011;VOC;LAT-016;LAT-017,Cargo.lock;apps/cli/Cargo.toml;apps/cli/src/main.rs;apps/cli/src/sync.rs;crates/lattice-node/Cargo.toml;crates/lattice-node/src/sync.rs;docs/README.md;docs/features/cli.md;docs/features/networking.md,PENDING-AUDIT,
31be12cc377e72acc6e87d72f607cab1f79f1598,feat(sync): fetch and accept pinned application events,cli-and-node;messaging-and-projections;product-feature;requirements-and-architecture;spaces-and-mls;storage-outbox-courier;sync-routing-transport;voice,CLI;NET;LAT-004;SPC;IDN-004;IDN-008;LAT-003;LAT-007;MSG;LAT-003;LAT-004;LAT-007;LAT-004;LAT-005;LAT-006;MSG;NET;LAT-002;LAT-005;LAT-007;LAT-011;VOC;LAT-016;LAT-017,Cargo.lock;apps/cli/Cargo.toml;apps/cli/src/space.rs;apps/cli/src/sync.rs;crates/lattice-core/src/lib.rs;crates/lattice-storage/src/lib.rs;docs/features/cli.md;docs/features/networking.md,PENDING-AUDIT,
eb39227281433d3483699f57a626c6ab79cf5f02,feat(files): read verified attachment chunks,files-and-transfers;product-feature;requirements-and-architecture;voice,FIL;LAT-006;VOC;LAT-016;LAT-017,crates/lattice-files/src/lib.rs;docs/features/cli.md;docs/features/files.md,PENDING-AUDIT,
f105d3ad66f9cb4cf774591af5b7b22469b4f396,docs(security): align accepted space policies,requirements-and-architecture;spaces-and-mls,SPC;IDN-004;IDN-008;LAT-003;LAT-007,docs/PLAN.md;docs/TODO.md;docs/architecture.md;docs/features/README.md;docs/features/spaces.md,PENDING-AUDIT,
329499a22d4f25f363f878da3b75fdd2f8f6ffc9,docs(architecture): clarify unresolved decision index,requirements-and-architecture,,docs/decisions/DECISIONS.md,PENDING-AUDIT,
0be643ffea516d90516f3bd8a0230ed92d21343d,feat(desktop): search local Space history and tighten CSP,desktop;messaging-and-projections;product-feature;requirements-and-architecture;spaces-and-mls,DSK;LAT-002;LAT-004;SPC;IDN-004;IDN-008;LAT-003;LAT-007;MSG;LAT-003;LAT-004;LAT-007,apps/desktop/src-tauri/tauri.conf.json;apps/desktop/src/features/spaces/LocalSpaceBrowser.tsx;docs/features/desktop.md,PENDING-AUDIT,
3bba347aba8600f88ea36417ed8bbbf1a518a89a,feat(cli): add canonical local send command,cli-and-node;product-feature;requirements-and-architecture;spaces-and-mls,CLI;NET;LAT-004;SPC;IDN-004;IDN-008;LAT-003;LAT-007,apps/cli/src/main.rs;apps/cli/src/space.rs;docs/features/cli.md,PENDING-AUDIT,
5f238865ebc0303be6f18da4fbcd97b7dfb642d3,feat(sync): add authenticated summary exchange,cli-and-node;product-feature;requirements-and-architecture;sync-routing-transport;voice,CLI;NET;LAT-004;NET;LAT-002;LAT-005;LAT-007;LAT-011;VOC;LAT-016;LAT-017,crates/lattice-node/src/sync.rs;crates/lattice-node/src/sync/direct_session.rs;docs/features/networking.md,PENDING-AUDIT,
537bb82d8c01942ebe35fc857b1ec9817575d9fd,feat(android): expose local message search,android-and-mobile;messaging-and-projections;product-feature;requirements-and-architecture;voice,MOB;LAT-001;LAT-008;LAT-009;LAT-010;LAT-013;LAT-016;MSG;LAT-003;LAT-004;LAT-007;VOC;LAT-016;LAT-017,apps/android/app/src/main/kotlin/com/astraive/lattice/MainActivity.kt;apps/android/app/src/main/kotlin/uniffi/lattice_uniffi/lattice_uniffi.kt;crates/lattice-uniffi/src/lib.rs;crates/lattice-uniffi/src/mobile_client.rs;docs/features/mobile.md,PENDING-AUDIT,
229a4f9e1678c44a8dcf2e00938fdb71e4dea184,docs(messaging): document received local history,messaging-and-projections;requirements-and-architecture,MSG;LAT-003;LAT-004;LAT-007,docs/features/messaging.md,PENDING-AUDIT,
6a5adb7aea27e31203748970444ed265c0e8104f,feat(search): search retained Space history offline,desktop;messaging-and-projections;product-feature;requirements-and-architecture;spaces-and-mls;storage-outbox-courier;voice,DSK;LAT-002;LAT-004;SPC;IDN-004;IDN-008;LAT-003;LAT-007;MSG;LAT-003;LAT-004;LAT-007;LAT-004;LAT-005;LAT-006;MSG;VOC;LAT-016;LAT-017,apps/desktop/src-tauri/src/lib.rs;apps/desktop/src-tauri/src/spaces.rs;apps/desktop/src/features/spaces/LocalSpaceBrowser.tsx;crates/lattice-core/src/lib.rs;crates/lattice-storage/src/lib.rs;docs/features/desktop.md,PENDING-AUDIT,
8345dc6f590916d15105caeaf900c7b15f100a87,test(cli): pin queued send status contract,cli-and-node;messaging-and-projections,CLI;NET;LAT-004;MSG;LAT-003;LAT-004;LAT-007,apps/cli/src/main.rs,PENDING-AUDIT,
ca10562c9fccd7d29ef5067e01abbeeecffaaa7d,test(core): cover durable conflict after restart,android-and-mobile;voice,MOB;LAT-001;LAT-008;LAT-009;LAT-010;LAT-013;LAT-016;VOC;LAT-016;LAT-017,crates/lattice-core/src/lib.rs,PENDING-AUDIT,
c43b233a8bcd290ebefa009becb694ed3084a00b,fix(sync): reject requests outside scoped plan,behavior-fix;cli-and-node;requirements-and-architecture;sync-routing-transport;voice,CLI;NET;LAT-004;NET;LAT-002;LAT-005;LAT-007;LAT-011;VOC;LAT-016;LAT-017,crates/lattice-node/src/sync.rs;crates/lattice-node/src/sync/direct_session.rs;docs/features/networking.md,PENDING-AUDIT,
dfd2ce3cf82d514f444093a7cf4cec0dee22fd15,test(sync): reject unplanned authenticated target,cli-and-node;sync-routing-transport;voice,CLI;NET;LAT-004;NET;LAT-002;LAT-005;LAT-007;LAT-011;VOC;LAT-016;LAT-017,crates/lattice-node/src/sync.rs;crates/lattice-node/src/sync/direct_session.rs,PENDING-AUDIT,
4e4803ee2c272a87250de3d37fa0e805ec321adf,feat(cli): report per-space pending sync details,cli-and-node;product-feature;requirements-and-architecture;spaces-and-mls;sync-routing-transport,CLI;NET;LAT-004;SPC;IDN-004;IDN-008;LAT-003;LAT-007;NET;LAT-002;LAT-005;LAT-007;LAT-011,apps/cli/src/sync.rs;docs/features/cli.md,PENDING-AUDIT,
48722a369a146a4f56a4f7a701dba65040c183d7,feat(sync): build scoped summaries from local store,cli-and-node;product-feature;requirements-and-architecture;sync-routing-transport;voice,CLI;NET;LAT-004;NET;LAT-002;LAT-005;LAT-007;LAT-011;VOC;LAT-016;LAT-017,crates/lattice-node/src/sync.rs;crates/lattice-node/src/sync/store_source.rs;docs/features/networking.md,PENDING-AUDIT,
206fe4a88e5422c542a8f119b26c1183ea4d1936,feat(cli): use scoped v2 direct sync,cli-and-node;product-feature;requirements-and-architecture;sync-routing-transport,CLI;NET;LAT-004;NET;LAT-002;LAT-005;LAT-007;LAT-011,apps/cli/src/sync.rs;docs/features/cli.md;docs/features/networking.md,PENDING-AUDIT,
9e7d7b616426ef110c968fcc83e2c8aa49ee3836,feat(cli): report scoped sync range outcomes,cli-and-node;product-feature;requirements-and-architecture;sync-routing-transport,CLI;NET;LAT-004;NET;LAT-002;LAT-005;LAT-007;LAT-011,apps/cli/src/sync.rs;docs/features/cli.md;docs/features/networking.md,PENDING-AUDIT,
f3518a0a740c588b27dd28fbeab841c0a304c8cf,test(sync): exercise store-backed v2 repair,cli-and-node;sync-routing-transport;voice,CLI;NET;LAT-004;NET;LAT-002;LAT-005;LAT-007;LAT-011;VOC;LAT-016;LAT-017,crates/lattice-node/src/sync/store_source.rs,PENDING-AUDIT,
21f26c5a694304a4d817e1eaecd794b4930519a7,feat(core): queue authorized file manifests,product-feature;requirements-and-architecture;voice,VOC;LAT-016;LAT-017,crates/lattice-core/src/lib.rs;docs/features/files.md,PENDING-AUDIT,
417aa0ec1a74ce6a368f8c5158857b60fd60417e,refactor(core): type file manifest receipts,voice,VOC;LAT-016;LAT-017,crates/lattice-core/src/lib.rs,PENDING-AUDIT,
5c6ff5992954cd0e02e91c22feb58341a07c0f4e,test(core): reject unsafe attachment manifests,files-and-transfers;voice,FIL;LAT-006;VOC;LAT-016;LAT-017,crates/lattice-core/src/lib.rs,PENDING-AUDIT,
ee2f7873596ddd5638b43d610a0729c206c5555c,perf(core): avoid repeated manifest validation,voice,VOC;LAT-016;LAT-017,crates/lattice-core/src/lib.rs,PENDING-AUDIT,
aee21847562bf11cbaa33bffb1597746deddd569,refactor(core): share authorized event queue transaction,voice,VOC;LAT-016;LAT-017,crates/lattice-core/src/lib.rs,PENDING-AUDIT,
ea8482b2f9d6699546b0fbb88534b01601f7516f,test(protocol): exercise hostile decoder corpus,protocol-events-vectors;voice,LAT-002;LAT-003;LAT-006;LAT-011;LAT-018;VOC;LAT-016;LAT-017,crates/lattice-protocol/src/lib.rs,PENDING-AUDIT,
6fda265bfcd49ac7ec3d3cabf56b56b76b6ebaff,test(protocol): mutate canonical decoder seeds,protocol-events-vectors;voice,LAT-002;LAT-003;LAT-006;LAT-011;LAT-018;VOC;LAT-016;LAT-017,crates/lattice-protocol/src/lib.rs,PENDING-AUDIT,
dc9cf16a64dbf8025d6ae8bc007cd7f8ce3fad8c,test(events): exercise hostile signed-event decoder inputs,protocol-events-vectors;voice,LAT-002;LAT-003;LAT-006;LAT-011;LAT-018;VOC;LAT-016;LAT-017,crates/lattice-events/src/lib.rs,PENDING-AUDIT,
a6126017b08f780588664d6b89e3fe1f1262fae6,test(relay): exercise hostile envelope decoder inputs,relay;voice,NET-009;NET-010;NET-011;NET-013;VOC;LAT-016;LAT-017,crates/lattice-relay/src/lib.rs,PENDING-AUDIT,
61159e5c9baa6ecaa3c51833d9210375cdfdc993,test(relay): fuzz bounded NIP-01 JSON parsing,relay;tests-and-fuzzing;voice,NET-009;NET-010;NET-011;NET-013;VOC;LAT-016;LAT-017;LAT-006;LAT-007;LAT-018,crates/lattice-relay/src/nip01.rs,PENDING-AUDIT,
d6abf7b44452958f01d09db30f0f6b9b6bbf71a5,test(sync): fuzz bounded v2 frame decoders,cli-and-node;sync-routing-transport;tests-and-fuzzing;voice,CLI;NET;LAT-004;NET;LAT-002;LAT-005;LAT-007;LAT-011;VOC;LAT-016;LAT-017;LAT-006;LAT-007;LAT-018,crates/lattice-node/src/sync.rs,PENDING-AUDIT,
86f8883ee3677af8fa2ffbe6b99272f55d6a372c,test(identity): fuzz bounded public bundle decoding,identity-trust-pki;tests-and-fuzzing;voice,IDN;LAT-009;VOC;LAT-016;LAT-017;LAT-006;LAT-007;LAT-018,crates/lattice-identity/src/lib.rs,PENDING-AUDIT,
dd599a8aa4d615f4955a81921f21f52b044c4ca7,test(fuzz): add isolated protocol fuzz targets,files-and-transfers;relay;requirements-and-architecture;tests-and-fuzzing,NET-009;NET-010;NET-011;NET-013;FIL;LAT-006;LAT-006;LAT-007;LAT-018,docs/quality/TEST_PLAN.md;fuzz/.gitignore;fuzz/Cargo.lock;fuzz/Cargo.toml;fuzz/fuzz_targets/attachment_manifest.rs;fuzz/fuzz_targets/canonical.rs;fuzz/fuzz_targets/identity_bundle.rs;fuzz/fuzz_targets/nostr_event.rs;fuzz/fuzz_targets/relay_envelope.rs;fuzz/fuzz_targets/signed_event.rs,PENDING-AUDIT,
397b77f36925c70eb9400304562b4439865e403b,feat(identity): support local peer pin removal,cli-and-node;identity-trust-pki;messaging-and-projections;product-feature;requirements-and-architecture;storage-outbox-courier;tests-and-fuzzing;voice,CLI;NET;LAT-004;IDN;LAT-009;MSG;LAT-003;LAT-004;LAT-007;LAT-004;LAT-005;LAT-006;MSG;VOC;LAT-016;LAT-017;LAT-006;LAT-007;LAT-018,apps/cli/src/identity.rs;apps/cli/src/main.rs;apps/cli/tests/json_output.rs;crates/lattice-core/src/identity_pin.rs;crates/lattice-core/src/lib.rs;crates/lattice-storage/src/lib.rs;crates/lattice-storage/src/trusted_identities.rs;docs/features/cli.md,PENDING-AUDIT,
bd8d63c18f14802751aabd19a930fc0a3f09f4ca,feat(identity): expose local peer pin removal on mobile,android-and-mobile;desktop;identity-trust-pki;messaging-and-projections;product-feature;requirements-and-architecture;voice,MOB;LAT-001;LAT-008;LAT-009;LAT-010;LAT-013;LAT-016;DSK;LAT-002;LAT-004;IDN;LAT-009;MSG;LAT-003;LAT-004;LAT-007;VOC;LAT-016;LAT-017,apps/android/app/src/main/kotlin/com/astraive/lattice/AndroidMobileProfile.kt;apps/android/app/src/main/kotlin/com/astraive/lattice/MainActivity.kt;apps/android/app/src/main/kotlin/com/astraive/lattice/identity/IdentityPinCard.kt;apps/android/app/src/main/kotlin/uniffi/lattice_uniffi/lattice_uniffi.kt;apps/desktop/src-tauri/src/identity.rs;apps/desktop/src-tauri/src/lib.rs;apps/desktop/src/features/identity/PeerIdentityPinPanel.tsx;crates/lattice-uniffi/src/lib.rs;crates/lattice-uniffi/src/mobile_client.rs;docs/README.md;docs/features/mobile.md,PENDING-AUDIT,
982bfa3bcfd9c67537242f0cac40f786b6eee5f3,feat(protocol): define bounded direct path capability offers,product-feature;protocol-events-vectors;requirements-and-architecture;sync-routing-transport;voice,LAT-002;LAT-003;LAT-006;LAT-011;LAT-018;NET;LAT-002;LAT-005;LAT-007;LAT-011;VOC;LAT-016;LAT-017,crates/lattice-protocol/src/lib.rs;crates/lattice-protocol/src/path_upgrade.rs;docs/features/networking.md,PENDING-AUDIT,
732aa21f6e7e0aca422f06b93f4d2028e5bbbe5e,feat(storage): add persistent opt-in courier queue,product-feature;requirements-and-architecture;storage-outbox-courier;voice,LAT-004;LAT-005;LAT-006;MSG;VOC;LAT-016;LAT-017,Cargo.lock;crates/lattice-storage/Cargo.toml;crates/lattice-storage/src/courier_queue.rs;crates/lattice-storage/src/lib.rs;docs/features/networking.md,PENDING-AUDIT,
53147a8d28ba1b3e1c0781f2e0a4ae0b12bd3898,feat(node): negotiate authenticated path capabilities,cli-and-node;product-feature;requirements-and-architecture;sync-routing-transport;voice,CLI;NET;LAT-004;NET;LAT-002;LAT-005;LAT-007;LAT-011;VOC;LAT-016;LAT-017,Cargo.lock;crates/lattice-node/Cargo.toml;crates/lattice-node/src/sync.rs;crates/lattice-node/src/sync/direct_session.rs;docs/features/networking.md,PENDING-AUDIT,
be0582bf09deb14c2ac4f6cf529a85b97ce3e142,test(node): cover denied path capability negotiation,cli-and-node;sync-routing-transport;voice,CLI;NET;LAT-004;NET;LAT-002;LAT-005;LAT-007;LAT-011;VOC;LAT-016;LAT-017,crates/lattice-node/src/sync.rs,PENDING-AUDIT,
0d83e5c81d0716488f7fba825f435066109b3d9b,feat(node): publish durable outbox envelopes through relays,android-and-mobile;cli-and-node;product-feature;relay;requirements-and-architecture;storage-outbox-courier;voice,MOB;LAT-001;LAT-008;LAT-009;LAT-010;LAT-013;LAT-016;CLI;NET;LAT-004;LAT-004;LAT-005;LAT-006;MSG;NET-009;NET-010;NET-011;NET-013;VOC;LAT-016;LAT-017,Cargo.lock;crates/lattice-node/Cargo.toml;crates/lattice-node/src/lib.rs;crates/lattice-node/src/relay.rs;docs/features/networking.md,PENDING-AUDIT,
9f96085d094a8657df68bd120070bde68014a629,test(sync): hold ciphertext behind missing MLS commits,cli-and-node;requirements-and-architecture;sync-routing-transport;voice,CLI;NET;LAT-004;NET;LAT-002;LAT-005;LAT-007;LAT-011;VOC;LAT-016;LAT-017,crates/lattice-core/src/lib.rs;crates/lattice-node/src/sync.rs;docs/features/networking.md,PENDING-AUDIT,
4f15d065205961e21272d7346bb31c557ea27ddf,feat(router): expose bounded per-path health state,cli-and-node;product-feature;requirements-and-architecture;sync-routing-transport;voice,CLI;NET;LAT-004;NET;LAT-002;LAT-005;LAT-007;LAT-011;VOC;LAT-016;LAT-017,crates/lattice-node/src/lib.rs;crates/lattice-node/src/path_health.rs;crates/lattice-router/src/lib.rs;docs/features/networking.md,PENDING-AUDIT,
dab881cd52e85c32a0871980a67aed181df0aade,feat(node): transfer attachments over authenticated resumable paths,android-and-mobile;cli-and-node;files-and-transfers;product-feature;requirements-and-architecture;sync-routing-transport;voice,MOB;LAT-001;LAT-008;LAT-009;LAT-010;LAT-013;LAT-016;CLI;NET;LAT-004;NET;LAT-002;LAT-005;LAT-007;LAT-011;FIL;LAT-006;VOC;LAT-016;LAT-017,Cargo.lock;crates/lattice-node/Cargo.toml;crates/lattice-node/src/sync.rs;crates/lattice-node/src/sync/attachment_transfer.rs;crates/lattice-node/src/sync/direct_session.rs;docs/features/files.md;docs/features/networking.md,PENDING-AUDIT,
86676354c63e3fe876785db29f6cb17898980ea3,feat(files): enforce persistent attachment staging quotas,files-and-transfers;product-feature;requirements-and-architecture;voice,FIL;LAT-006;VOC;LAT-016;LAT-017,Cargo.lock;crates/lattice-files/Cargo.toml;crates/lattice-files/src/lib.rs;crates/lattice-files/src/staging.rs;docs/features/files.md,PENDING-AUDIT,
d6ee58f8f59adc6ec6e841fe472c23e593226af1,fix(files): anchor attachment staging root,behavior-fix;files-and-transfers;voice,FIL;LAT-006;VOC;LAT-016;LAT-017,crates/lattice-files/src/staging.rs,PENDING-AUDIT,
86020adde41d31c5c4fd1c50d91ac759653b4f5c,feat(core): add signed Space invite tokens,product-feature;requirements-and-architecture;spaces-and-mls;voice,SPC;IDN-004;IDN-008;LAT-003;LAT-007;VOC;LAT-016;LAT-017,crates/lattice-core/src/lib.rs;crates/lattice-core/src/space.rs;crates/lattice-core/src/space_invite.rs;docs/features/spaces.md;docs/spec.md,PENDING-AUDIT,
e73b1182f2d8c183579dad668263cdcf77276f08,feat(mls): persist key package lifecycle,product-feature;requirements-and-architecture;spaces-and-mls;storage-outbox-courier;voice,SPC;IDN-004;IDN-008;LAT-003;LAT-007;LAT-004;LAT-005;LAT-006;MSG;VOC;LAT-016;LAT-017,crates/lattice-core/src/lib.rs;crates/lattice-core/src/space_bootstrap.rs;crates/lattice-mls/src/api.rs;crates/lattice-storage/src/lib.rs;docs/features/identity.md;docs/spec.md,PENDING-AUDIT,
cf881d2409b12913fe097ea5f64859045e1bd54e,feat(mls): bind member removals to rekey proofs,product-feature;requirements-and-architecture;spaces-and-mls;voice,SPC;IDN-004;IDN-008;LAT-003;LAT-007;VOC;LAT-016;LAT-017,crates/lattice-core/src/space.rs;crates/lattice-mls/src/api.rs;docs/features/spaces.md,PENDING-AUDIT,
2d9ca6a3477998a7f8fcc9e12c35d9e5ce532b38,feat(mls): add device-scoped direct message groups,messaging-and-projections;product-feature;requirements-and-architecture;spaces-and-mls;voice,SPC;IDN-004;IDN-008;LAT-003;LAT-007;MSG;LAT-003;LAT-004;LAT-007;VOC;LAT-016;LAT-017,crates/lattice-mls/src/api.rs;docs/features/messaging.md,PENDING-AUDIT,
d87dc646c347f60a43dd8dc0b35833d2be83a2ed,feat(messaging): add stable mentions and local mutes,android-and-mobile;messaging-and-projections;product-feature;requirements-and-architecture;spaces-and-mls;storage-outbox-courier;voice,MOB;LAT-001;LAT-008;LAT-009;LAT-010;LAT-013;LAT-016;SPC;IDN-004;IDN-008;LAT-003;LAT-007;MSG;LAT-003;LAT-004;LAT-007;LAT-004;LAT-005;LAT-006;MSG;VOC;LAT-016;LAT-017,crates/lattice-core/src/lib.rs;crates/lattice-core/src/space.rs;crates/lattice-core/src/space/message_projection.rs;crates/lattice-storage/src/lib.rs;docs/features/messaging.md;docs/spec.md,PENDING-AUDIT,
8b0ba28bf5b9820a345fab931825ca410ffa844a,feat(messaging): add expiring presence and typing state,messaging-and-projections;product-feature;protocol-events-vectors;requirements-and-architecture;spaces-and-mls;voice,LAT-002;LAT-003;LAT-006;LAT-011;LAT-018;SPC;IDN-004;IDN-008;LAT-003;LAT-007;MSG;LAT-003;LAT-004;LAT-007;VOC;LAT-016;LAT-017,crates/lattice-core/src/lib.rs;crates/lattice-core/src/space.rs;crates/lattice-core/src/space/ephemeral.rs;crates/lattice-events/src/lib.rs;docs/features/messaging.md;docs/spec.md,PENDING-AUDIT,
74725926145041b519c42de3e2308d728efda62e,feat(messaging): retry ready remote updates after parent arrival,messaging-and-projections;product-feature;requirements-and-architecture;voice,MSG;LAT-003;LAT-004;LAT-007;VOC;LAT-016;LAT-017,crates/lattice-core/src/lib.rs;docs/features/messaging.md,PENDING-AUDIT,
f50d9a6e7075d01235ee1b11690af0971c8daaaa,feat(messaging): parse constrained semantic rich text,messaging-and-projections;product-feature;requirements-and-architecture;spaces-and-mls;voice,SPC;IDN-004;IDN-008;LAT-003;LAT-007;MSG;LAT-003;LAT-004;LAT-007;VOC;LAT-016;LAT-017,crates/lattice-core/src/lib.rs;crates/lattice-core/src/space.rs;crates/lattice-core/src/space/message_projection.rs;crates/lattice-core/src/space/rich_text.rs;docs/features/messaging.md;docs/spec.md,PENDING-AUDIT,
14362e5bc3d58d63476644022161064e4773c123,feat(testkit): add scripted contact scenarios,product-feature;requirements-and-architecture;tests-and-fuzzing;voice,VOC;LAT-016;LAT-017;LAT-006;LAT-007;LAT-018,Cargo.lock;crates/lattice-core/Cargo.toml;crates/lattice-core/src/lib.rs;crates/lattice-testkit/src/lib.rs;docs/quality/TEST_PLAN.md,PENDING-AUDIT,
9bc5b2530ba3cac8d665e6c23950c495b899f3d7,feat(cli): expose offline message search,cli-and-node;messaging-and-projections;product-feature;requirements-and-architecture;spaces-and-mls,CLI;NET;LAT-004;SPC;IDN-004;IDN-008;LAT-003;LAT-007;MSG;LAT-003;LAT-004;LAT-007,apps/cli/src/main.rs;apps/cli/src/space.rs;docs/features/cli.md,PENDING-AUDIT,
5c811f866e75ab6648b2367de15d4866a4e058f6,feat(cli): support offline space membership lifecycle,cli-and-node;product-feature;requirements-and-architecture;spaces-and-mls;tests-and-fuzzing;voice,CLI;NET;LAT-004;SPC;IDN-004;IDN-008;LAT-003;LAT-007;VOC;LAT-016;LAT-017;LAT-006;LAT-007;LAT-018,apps/cli/src/main.rs;apps/cli/src/space.rs;apps/cli/tests/json_output.rs;crates/lattice-core/src/lib.rs;crates/lattice-mls/src/api.rs;docs/features/cli.md,PENDING-AUDIT,
e244fcacb3da1083bd50aad2555e2ecf71597176,feat(cli): scan local path capabilities,cli-and-node;product-feature;requirements-and-architecture;tests-and-fuzzing,CLI;NET;LAT-004;LAT-006;LAT-007;LAT-018,Cargo.lock;apps/cli/Cargo.toml;apps/cli/src/main.rs;apps/cli/src/peer.rs;apps/cli/tests/json_output.rs;docs/features/cli.md,PENDING-AUDIT,
4d91ef8c13be5f8ad8cb087df691f740f4c6090d,feat(node): add pinned TCP courier v1,cli-and-node;messaging-and-projections;product-feature;protocol-events-vectors;requirements-and-architecture;storage-outbox-courier;sync-routing-transport;tests-and-fuzzing;voice,CLI;NET;LAT-004;LAT-002;LAT-003;LAT-006;LAT-011;LAT-018;MSG;LAT-003;LAT-004;LAT-007;LAT-004;LAT-005;LAT-006;MSG;NET;LAT-002;LAT-005;LAT-007;LAT-011;VOC;LAT-016;LAT-017;LAT-006;LAT-007;LAT-018,Cargo.lock;apps/cli/Cargo.toml;apps/cli/src/main.rs;apps/cli/src/node.rs;crates/lattice-node/Cargo.toml;crates/lattice-node/src/courier.rs;crates/lattice-node/src/lib.rs;crates/lattice-node/src/sync.rs;crates/lattice-node/src/sync/direct_session.rs;crates/lattice-node/tests/courier_transfer.rs;crates/lattice-storage/src/courier_queue.rs;crates/lattice-storage/src/lib.rs;docs/features/cli.md;docs/features/networking.md;protocol/specs/09-envelope.md,PENDING-AUDIT,
f62d1c010170d96602194534df5178ccb8c14fb5,feat(desktop): add local paths and relay settings,cli-and-node;desktop;product-feature;relay;requirements-and-architecture;voice,DSK;LAT-002;LAT-004;CLI;NET;LAT-004;NET-009;NET-010;NET-011;NET-013;VOC;LAT-016;LAT-017,Cargo.lock;apps/cli/Cargo.toml;apps/cli/src/relay.rs;apps/desktop/src-tauri/Cargo.toml;apps/desktop/src-tauri/src/lib.rs;apps/desktop/src-tauri/src/local_network.rs;apps/desktop/src-tauri/src/profile.rs;apps/desktop/src-tauri/src/relay_settings.rs;apps/desktop/src/App.css;apps/desktop/src/App.tsx;apps/desktop/src/features/network/LocalNetworkSettings.tsx;crates/lattice-relay/Cargo.toml;crates/lattice-relay/src/lib.rs;crates/lattice-relay/src/settings.rs;docs/features/desktop.md,PENDING-AUDIT,
fc7648f40fac6e9fd7d0d2efc6c1cfaff0e58da4,feat(desktop): queue local file attachments,desktop;files-and-transfers;product-feature;requirements-and-architecture;spaces-and-mls,DSK;LAT-002;LAT-004;SPC;IDN-004;IDN-008;LAT-003;LAT-007;FIL;LAT-006,Cargo.lock;apps/desktop/src-tauri/Cargo.toml;apps/desktop/src-tauri/src/attachments.rs;apps/desktop/src-tauri/src/lib.rs;apps/desktop/src/features/spaces/LocalSpaceBrowser.tsx;docs/features/desktop.md;docs/features/files.md,PENDING-AUDIT,
c9fbb74b8e533508da07c707010e1eae51fe19f9,feat(desktop): add persistent pinned-peer mode,desktop;messaging-and-projections;product-feature;requirements-and-architecture,DSK;LAT-002;LAT-004;MSG;LAT-003;LAT-004;LAT-007,Cargo.lock;apps/desktop/src-tauri/Cargo.toml;apps/desktop/src-tauri/src/lib.rs;apps/desktop/src-tauri/src/peer_mode.rs;apps/desktop/src/App.tsx;apps/desktop/src/features/network/PersistentPeerMode.tsx;docs/features/desktop.md,PENDING-AUDIT,
902018eb9bb08c22117c59052a32db7179a652fd,feat(android): add permission-aware BLE GATT adapters,android-and-mobile;product-feature;requirements-and-architecture;voice,MOB;LAT-001;LAT-008;LAT-009;LAT-010;LAT-013;LAT-016;VOC;LAT-016;LAT-017,apps/android/app/src/main/kotlin/com/astraive/lattice/BleGattAdapters.kt;apps/android/app/src/test/kotlin/com/astraive/lattice/BleGattPermissionPolicyTest.kt;docs/features/mobile.md,PENDING-AUDIT,
4389c4c2410e8a15f7a9182844c4ce03a3724bbc,feat(android): add opt-in persistent nearby service,android-and-mobile;product-feature;requirements-and-architecture;voice,MOB;LAT-001;LAT-008;LAT-009;LAT-010;LAT-013;LAT-016;VOC;LAT-016;LAT-017,apps/android/app/src/main/AndroidManifest.xml;apps/android/app/src/main/kotlin/com/astraive/lattice/MainActivity.kt;apps/android/app/src/main/kotlin/com/astraive/lattice/PersistentNearbyService.kt;apps/android/app/src/test/kotlin/com/astraive/lattice/PersistentNearbyPermissionPolicyTest.kt;docs/features/mobile.md,PENDING-AUDIT,
b944e45ae5bb48c00ab9e43173e568edfe5f660e,feat(android): probe Wi-Fi upgrade capabilities,android-and-mobile;product-feature;requirements-and-architecture;voice,MOB;LAT-001;LAT-008;LAT-009;LAT-010;LAT-013;LAT-016;VOC;LAT-016;LAT-017,apps/android/app/src/main/AndroidManifest.xml;apps/android/app/src/main/kotlin/com/astraive/lattice/AndroidWifiCapabilityProbe.kt;apps/android/app/src/main/kotlin/com/astraive/lattice/MainActivity.kt;apps/android/app/src/main/kotlin/com/astraive/lattice/PersistentNearbyService.kt;apps/android/app/src/test/kotlin/com/astraive/lattice/AndroidWifiCapabilityProbeTest.kt;docs/features/mobile.md,PENDING-AUDIT,
9159caad71ad274de9da1095accd17a4c2f1e732,docs(android): document FFI lifecycle and notification scope,android-and-mobile;requirements-and-architecture,MOB;LAT-001;LAT-008;LAT-009;LAT-010;LAT-013;LAT-016,docs/features/mobile.md,PENDING-AUDIT,
4bcce707a9c6f04cdf3b0a5364c75be1c6b78d0d,feat(android): expose accessible selection semantics,android-and-mobile;messaging-and-projections;product-feature;requirements-and-architecture;spaces-and-mls;voice,MOB;LAT-001;LAT-008;LAT-009;LAT-010;LAT-013;LAT-016;SPC;IDN-004;IDN-008;LAT-003;LAT-007;MSG;LAT-003;LAT-004;LAT-007;VOC;LAT-016;LAT-017,apps/android/app/src/main/kotlin/com/astraive/lattice/MainActivity.kt;apps/android/app/src/main/kotlin/com/astraive/lattice/SpaceCreationCard.kt;apps/android/app/src/main/kotlin/com/astraive/lattice/SpaceMessageComposer.kt;apps/android/app/src/main/kotlin/com/astraive/lattice/identity/IdentityPinCard.kt;docs/features/mobile.md,PENDING-AUDIT,
befe8ea05a211791f40bed9a05eaa9c4573112ce,docs(android): clarify one-shot FFI observers,android-and-mobile;requirements-and-architecture,MOB;LAT-001;LAT-008;LAT-009;LAT-010;LAT-013;LAT-016,docs/features/mobile.md,PENDING-AUDIT,
003968a866b55208bcec83ae8c054ce72e2fc591,feat(android): add Space and diagnostics navigation,android-and-mobile;product-feature;requirements-and-architecture;spaces-and-mls;voice,MOB;LAT-001;LAT-008;LAT-009;LAT-010;LAT-013;LAT-016;SPC;IDN-004;IDN-008;LAT-003;LAT-007;VOC;LAT-016;LAT-017,apps/android/app/src/main/kotlin/com/astraive/lattice/MainActivity.kt;docs/features/mobile.md,PENDING-AUDIT,
6e39c9cd23f36f4eb7e3727237200bc2be75235e,docs(desktop): record native build and vector checks,requirements-and-architecture,LAT-002;LAT-003;LAT-006;LAT-011;LAT-018,docs/features/desktop.md,PENDING-AUDIT,
295921f28e29499021c9b6ca8412229c0c911a3a,feat(android): report keystore protection status,android-and-mobile;product-feature;requirements-and-architecture;voice,MOB;LAT-001;LAT-008;LAT-009;LAT-010;LAT-013;LAT-016;VOC;LAT-016;LAT-017,apps/android/app/src/main/kotlin/com/astraive/lattice/AndroidMobileProfile.kt;apps/android/app/src/main/kotlin/com/astraive/lattice/AndroidPrivateKeyProtector.kt;apps/android/app/src/main/kotlin/com/astraive/lattice/MainActivity.kt;apps/android/app/src/test/kotlin/com/astraive/lattice/AndroidPrivateKeyProtectorTest.kt;docs/features/identity.md;docs/features/mobile.md,PENDING-AUDIT,
ec135b38bade8d3b6c950f14d042dfb215859e26,docs(quality): document Windows fuzz runner setup,requirements-and-architecture;tests-and-fuzzing,LAT-006;LAT-007;LAT-018,docs/quality/TEST_PLAN.md,PENDING-AUDIT,
237b3b81655530e8c518d2c1880e71c41809fa7b,docs(scope): align release gates to Android-only mobile,android-and-mobile;requirements-and-architecture;voice,MOB;LAT-001;LAT-008;LAT-009;LAT-010;LAT-013;LAT-016;VOC;LAT-016;LAT-017,.github/workflows/ci.yml;docs/PLAN.md;docs/REQUIREMENTS.md;docs/TECH_STACK.md;docs/TODO.md;docs/UI_UX.md;docs/architecture.md;docs/features/README.md;docs/features/identity.md;docs/features/mobile.md;docs/features/voice.md;docs/ops/DEPLOYMENT.md;docs/quality/TEST_PLAN.md;docs/spec.md;docs/spec2.md,PENDING-AUDIT,
c9c11d37b35caebc013a21a12d8d49cf343a02ed,feat(cli): reconcile peer histories bidirectionally,cli-and-node;product-feature;requirements-and-architecture;sync-routing-transport,CLI;NET;LAT-004;NET;LAT-002;LAT-005;LAT-007;LAT-011,apps/cli/src/sync.rs;docs/features/cli.md,PENDING-AUDIT,
b924ce1ff4763bdbee340170b97e4bad309296c9,feat(desktop): add authenticated local transfer workflows,desktop;files-and-transfers;product-feature;requirements-and-architecture;spaces-and-mls,DSK;LAT-002;LAT-004;SPC;IDN-004;IDN-008;LAT-003;LAT-007;FIL;LAT-006,Cargo.lock;apps/desktop/src-tauri/Cargo.toml;apps/desktop/src-tauri/src/attachments.rs;apps/desktop/src-tauri/src/lib.rs;apps/desktop/src-tauri/src/local_network.rs;apps/desktop/src-tauri/src/peer_mode.rs;apps/desktop/src/features/network/LocalNetworkSettings.tsx;apps/desktop/src/features/network/PersistentPeerMode.tsx;apps/desktop/src/features/spaces/LocalSpaceBrowser.tsx;docs/features/desktop.md;docs/features/files.md;docs/features/networking.md;docs/spec.md,PENDING-AUDIT,
bf392fa75791e4c45da5eda88a84510ed8d42c7c,fix(cli): retry reconciliation after unauthenticated peers,behavior-fix;cli-and-node;sync-routing-transport,CLI;NET;LAT-004;NET;LAT-002;LAT-005;LAT-007;LAT-011,apps/cli/src/sync.rs,PENDING-AUDIT,
796754907f9ae74edc225cacb4606a1ba2f1c92d,fix(desktop): harden attachment and LAN workflows,behavior-fix;cli-and-node;desktop;files-and-transfers;spaces-and-mls;sync-routing-transport;voice,DSK;LAT-002;LAT-004;CLI;NET;LAT-004;SPC;IDN-004;IDN-008;LAT-003;LAT-007;NET;LAT-002;LAT-005;LAT-007;LAT-011;FIL;LAT-006;VOC;LAT-016;LAT-017,apps/desktop/src-tauri/src/attachments.rs;apps/desktop/src-tauri/src/local_network.rs;apps/desktop/src/features/spaces/LocalSpaceBrowser.tsx;crates/lattice-node/src/sync/attachment_transfer.rs,PENDING-AUDIT,
0887888434373b3fd2b58c9e62c9c8b7cc08b74c,test(fuzz): add bounded protocol fuzz campaigns and tombstone cleanup,behavior-fix;messaging-and-projections;tests-and-fuzzing,LAT-006;LAT-007;LAT-018;MSG-007,crates/lattice-core/src/lib.rs;crates/lattice-storage/src/lib.rs;docs/quality/TEST_PLAN.md;fuzz/Cargo.lock;fuzz/Cargo.toml;fuzz/fuzz_targets/sync_plan.rs,PENDING-AUDIT,
7c669d33dea70d661817c1d7c64f284fc920a349,docs(protocol): define experimental BLE profile and discovery,android-and-mobile;protocol-events-vectors;requirements-and-architecture,ADR-005;MOB-002;MOB-003;MOB-006;MOB-007;NET-001;NET-002,docs/architecture.md;docs/features/mobile.md;docs/features/networking.md;docs/protocol/PROTOCOL.md;docs/quality/FEATURE_LEDGER.md;docs/spec.md;protocol/specs/00-overview.md;protocol/specs/10-ble.md,PENDING-AUDIT,
4c2ce48317a709969ef28c3cf13b58726d682966,docs(protocol): specify BLE first-contact identity binding,android-and-mobile;identity-trust-pki;protocol-events-vectors;requirements-and-architecture,ADR-005;IDN-005;MOB-006;MOB-007,docs/architecture.md;docs/features/networking.md;docs/protocol/PROTOCOL.md;docs/quality/FEATURE_LEDGER.md;docs/spec.md;protocol/specs/00-overview.md;protocol/specs/10-ble.md,PENDING-AUDIT,
7e9a93f88e9d133e0697bc2cccc5c22c698e00ba,fix(core): bind Welcome bootstrap to invite state,behavior-fix;spaces-and-mls;storage-outbox-courier,LAT-004;LAT-007;SPC-003;SPC-006;SPC-009,crates/lattice-core/src/lib.rs;crates/lattice-core/src/space_bootstrap.rs,PENDING-AUDIT,
148ac5b4790cff90691bc6117bd63fda48ebaf9b,test(protocol): add ephemeral event and boundary vectors,protocol-events-vectors;tests-and-fuzzing,LAT-002;LAT-003;LAT-006;LAT-018,crates/lattice-events/src/lib.rs;crates/lattice-protocol/src/lib.rs;protocol/specs/05-events.md;protocol/vectors/canonical-cbor.json,PENDING-AUDIT,
7e5008dd3820d2049e4c618aded320b9d0d66cf7,fix(inspector): match Rust canonical bounds,behavior-fix;protocol-events-vectors;tests-and-fuzzing,LAT-002;LAT-006;LAT-018,packages/protocol-inspector/src/index.test.ts;packages/protocol-inspector/src/index.ts,PENDING-AUDIT,
3b801b4833432cf8ae5edebee4ddb225cdd34fef,fix(cli): classify relay settings I/O errors,behavior-fix;cli-and-node;relay,CLI;NET-009;NET-010;NET-011;NET-013,apps/cli/src/main.rs,PENDING-AUDIT,
8e27aba33737068a496142d7431357390275a596,feat(pki): add reproducible development credentials,identity-trust-pki;requirements-and-architecture,IDN-008;IDN-009;LAT-009,docs/development-pki.md;tooling/dev-pki/Issue-DeviceCertificate.ps1;tooling/dev-pki/New-DevelopmentCa.ps1;tooling/dev-pki/Set-DevelopmentCaTrust.ps1,PENDING-AUDIT,
d742893d8a24d6de05d4c84575de8af92c35d654,docs(quality): add historical feature indexes,requirements-and-architecture;tests-and-fuzzing,LAT-002;LAT-003;LAT-004;LAT-006;LAT-007;LAT-018,docs/quality/COMMIT_FEATURE_MAP.csv;docs/quality/HISTORY_INDEX.csv,PENDING-AUDIT,
07648723ddb7c332313909bd2dcf2a32055cd0f6,fix(android): clear callback key material,android-and-mobile;behavior-fix;identity-trust-pki,IDN-001;IDN-002;LAT-009;MOB-009,apps/android/app/src/main/kotlin/uniffi/lattice_uniffi/lattice_uniffi.kt,PENDING-AUDIT,
918fecd27698ee089a73dc9b1ae4b9a470688cda,style(docs): satisfy Markdown lint,build-repository-maintenance,,docs/features/cli.md;docs/quality/FEATURE_LEDGER.md,PENDING-AUDIT,
455d40e0f4bb6f0812b5ce2fdcb6856e87c76ef2,feat(android): wire exp0 BLE discovery (#42),android-and-mobile;build-repository-maintenance;cli-and-node;desktop;files-and-transfers;identity-trust-pki;protocol-events-vectors;requirements-and-architecture;spaces-and-mls;storage-outbox-courier;web-and-browser,CLI;DSK;FIL;IDN;IDN-004;IDN-008;LAT-001;LAT-002;LAT-003;LAT-004;LAT-005;LAT-006;LAT-007;LAT-008;LAT-009;LAT-010;LAT-011;LAT-013;LAT-016;LAT-018;MOB;NET;SPC;WEB,.github/markdownlint-ci.jsonc;.github/workflows/ci.yml;.gitignore;Cargo.lock;Cargo.toml;apps/android/app/src/main/AndroidManifest.xml;apps/android/app/src/main/kotlin/com/astraive/lattice/AndroidMobileProfile.kt;apps/android/app/src/main/kotlin/com/astraive/lattice/AuthorizedMessageNotificationPolicy.kt;apps/android/app/src/main/kotlin/com/astraive/lattice/BleExp0Advertisement.kt;apps/android/app/src/main/kotlin/com/astraive/lattice/BleExp0CentralSession.kt;apps/android/app/src/main/kotlin/com/astraive/lattice/BleExp0EnvelopeTransport.kt;apps/android/app/src/main/kotlin/com/astraive/lattice/BleExp0GattIo.kt;apps/android/app/src/main/kotlin/com/astraive/lattice/BleExp0OutboxPump.kt;apps/android/app/src/main/kotlin/com/astraive/lattice/BleExp0PeripheralSession.kt;apps/android/app/src/main/kotlin/com/astraive/lattice/BleExp0SessionCoordinator.kt;apps/android/app/src/main/kotlin/com/astraive/lattice/BleExp0SightingCache.kt;apps/android/app/src/main/kotlin/com/astraive/lattice/BleExp0TransferProtocol.kt;apps/android/app/src/main/kotlin/com/astraive/lattice/BleFrameCodec.kt;apps/android/app/src/main/kotlin/com/astraive/lattice/BleGattAdapters.kt;apps/android/app/src/main/kotlin/com/astraive/lattice/DiscoveryPermissionState.kt;apps/android/app/src/main/kotlin/com/astraive/lattice/MainActivity.kt;apps/android/app/src/main/kotlin/com/astraive/lattice/NearbyBleAdvertiser.kt;apps/android/app/src/main/kotlin/com/astraive/lattice/NearbyServiceScanner.kt;apps/android/app/src/main/kotlin/com/astraive/lattice/PersistentNearbyService.kt;apps/android/app/src/main/kotlin/com/astraive/lattice/SpaceMessageComposer.kt;apps/android/app/src/main/kotlin/uniffi/lattice_uniffi/lattice_uniffi.kt;apps/android/app/src/test/kotlin/com/astraive/lattice/AuthorizedMessageNotificationPolicyTest.kt;apps/android/app/src/test/kotlin/com/astraive/lattice/BleExp0AdvertisementTest.kt;apps/android/app/src/test/kotlin/com/astraive/lattice/BleExp0GattIoTest.kt;apps/android/app/src/test/kotlin/com/astraive/lattice/BleExp0SightingCacheTest.kt;apps/android/app/src/test/kotlin/com/astraive/lattice/BleExp0TransferProtocolTest.kt;apps/android/app/src/test/kotlin/com/astraive/lattice/BleFrameCodecTest.kt;apps/android/app/src/test/kotlin/com/astraive/lattice/BleGattPermissionPolicyTest.kt;apps/android/app/src/test/kotlin/com/astraive/lattice/CoreProjectionSubscriptionHubTest.kt;apps/cli/Cargo.toml;apps/cli/src/main.rs;apps/cli/src/sync.rs;apps/cli/src/web_sync.rs;apps/desktop/src-tauri/Cargo.toml;apps/desktop/src-tauri/src/lib.rs;apps/desktop/src-tauri/src/profile.rs;apps/desktop/src-tauri/src/spaces.rs;apps/desktop/src-tauri/src/sync.rs;apps/desktop/src/App.tsx;apps/desktop/src/features/network/LocalNetworkSettings.tsx;apps/desktop/src/features/network/PersistentPeerMode.tsx;apps/desktop/src/features/spaces/LocalSpaceBrowser.tsx;apps/desktop/src/features/spaces/LocalSyncPanel.tsx;apps/web/index.html;apps/web/package.json;apps/web/src/App.tsx;apps/web/src/app-utils.ts;apps/web/src/app.css;apps/web/src/cli-loopback-link.ts;apps/web/src/identity.ts;apps/web/src/main.tsx;apps/web/src/profile-key-vault.ts;apps/web/src/profile.worker.ts;apps/web/src/webrtc-event-link.ts;apps/web/src/worker-client.ts;apps/web/test/identity.test.ts;apps/web/tsconfig.json;apps/web/vite.config.ts;biome.json;bun.lock;crates/lattice-core/Cargo.toml;crates/lattice-core/src/lib.rs;crates/lattice-core/src/space.rs;crates/lattice-core/src/space_bootstrap.rs;crates/lattice-files/Cargo.toml;crates/lattice-files/src/lib.rs;crates/lattice-identity/Cargo.toml;crates/lattice-identity/src/lib.rs;crates/lattice-mls/Cargo.toml;crates/lattice-mls/src/api.rs;crates/lattice-storage/Cargo.toml;crates/lattice-uniffi/Cargo.toml;crates/lattice-uniffi/src/ble_exp0.rs;crates/lattice-uniffi/src/lib.rs;crates/lattice-uniffi/src/mobile_client.rs;crates/lattice-web-wasm/Cargo.toml;crates/lattice-web-wasm/src/lib.rs;crates/openmls-sqlite-storage/.cargo_vcs_info.json;crates/openmls-sqlite-storage/CHANGELOG.md;crates/openmls-sqlite-storage/Cargo.toml;crates/openmls-sqlite-storage/Cargo.toml.orig;crates/openmls-sqlite-storage/README.md;crates/openmls-sqlite-storage/migrations/V1__initial.sql;crates/openmls-sqlite-storage/migrations/V2__constraint_addition.sql;crates/openmls-sqlite-storage/migrations/V3__virtual_clients.sql;crates/openmls-sqlite-storage/migrations/V4__vc_emulation_bindings.sql;crates/openmls-sqlite-storage/migrations/V5__vc_operation_secrets.sql;crates/openmls-sqlite-storage/migrations/V6__registered_vc_emulation_epoch.sql;crates/openmls-sqlite-storage/src/codec.rs;crates/openmls-sqlite-storage/src/encryption_key_pairs.rs;crates/openmls-sqlite-storage/src/epoch_key_pairs.rs;crates/openmls-sqlite-storage/src/group_data.rs;crates/openmls-sqlite-storage/src/key_packages.rs;crates/openmls-sqlite-storage/src/lib.rs;crates/openmls-sqlite-storage/src/own_leaf_nodes.rs;crates/openmls-sqlite-storage/src/proposals.rs;crates/openmls-sqlite-storage/src/psks.rs;crates/openmls-sqlite-storage/src/signature_key_pairs.rs;crates/openmls-sqlite-storage/src/storage_provider.rs;crates/openmls-sqlite-storage/src/vc_secrets.rs;crates/openmls-sqlite-storage/src/wrappers.rs;crates/openmls-sqlite-storage/tests/proposals.rs;crates/openmls-sqlite-storage/tests/vc_operation_tree.rs;design/assets/.gitkeep;design/icons/.gitkeep;design/scripts/.gitkeep;design/tokens/.gitkeep;docs/PLAN.md;docs/REQUIREMENTS.md;docs/TECH_STACK.md;docs/architecture.md;docs/decisions/ADR-005-ble-exp0-profile.md;docs/decisions/DECISIONS.md;docs/development-pki.md;docs/features/README.md;docs/features/cli.md;docs/features/desktop.md;docs/features/networking.md;docs/features/web.md;docs/quality/FEATURE_LEDGER.md;docs/verification/EVIDENCE_INDEX.md;docs/verification/FEATURE_LEDGER.json;docs/verification/FEATURE_LEDGER.md;docs/verification/INTEROP_MATRIX.md;docs/verification/KNOWN_BLOCKERS.md;docs/verification/PHYSICAL_ANDROID_ACCEPTANCE.md;docs/verification/RELEASE_READINESS.md;docs/verification/RESTART_MATRIX.md;docs/verification/SECURITY_NEGATIVE_MATRIX.md;docs/verification/TRANSPORT_MATRIX.md;package.json;protocol/schemas/.gitkeep;protocol/specs/.gitkeep;protocol/specs/00-overview.md;protocol/specs/10-ble.md;protocol/vectors/.gitkeep;protocol/vectors/ble-exp0.json;protocol/vectors/canonical-cbor.json;skills-lock.json;tooling/dev-pki/Issue-DeviceCertificate.ps1;tooling/fuzz/.gitkeep;tooling/mesh-simulator/.gitkeep;transports/.gitkeep,PENDING-AUDIT,
8c54cc009566663fceed2b4a218c35ad8a55b554,"Revert ""feat(android): wire exp0 BLE discovery (#42)""",android-and-mobile;build-repository-maintenance;cli-and-node;desktop;files-and-transfers;identity-trust-pki;protocol-events-vectors;requirements-and-architecture;spaces-and-mls;storage-outbox-courier;web-and-browser,CLI;DSK;FIL;IDN;IDN-004;IDN-008;LAT-001;LAT-002;LAT-003;LAT-004;LAT-005;LAT-006;LAT-007;LAT-008;LAT-009;LAT-010;LAT-011;LAT-013;LAT-016;LAT-018;MOB;NET;SPC;WEB,.github/markdownlint-ci.jsonc;.github/workflows/ci.yml;.gitignore;Cargo.lock;Cargo.toml;apps/android/app/src/main/AndroidManifest.xml;apps/android/app/src/main/kotlin/com/astraive/lattice/AndroidMobileProfile.kt;apps/android/app/src/main/kotlin/com/astraive/lattice/AuthorizedMessageNotificationPolicy.kt;apps/android/app/src/main/kotlin/com/astraive/lattice/BleExp0Advertisement.kt;apps/android/app/src/main/kotlin/com/astraive/lattice/BleExp0CentralSession.kt;apps/android/app/src/main/kotlin/com/astraive/lattice/BleExp0EnvelopeTransport.kt;apps/android/app/src/main/kotlin/com/astraive/lattice/BleExp0GattIo.kt;apps/android/app/src/main/kotlin/com/astraive/lattice/BleExp0OutboxPump.kt;apps/android/app/src/main/kotlin/com/astraive/lattice/BleExp0PeripheralSession.kt;apps/android/app/src/main/kotlin/com/astraive/lattice/BleExp0SessionCoordinator.kt;apps/android/app/src/main/kotlin/com/astraive/lattice/BleExp0SightingCache.kt;apps/android/app/src/main/kotlin/com/astraive/lattice/BleExp0TransferProtocol.kt;apps/android/app/src/main/kotlin/com/astraive/lattice/BleFrameCodec.kt;apps/android/app/src/main/kotlin/com/astraive/lattice/BleGattAdapters.kt;apps/android/app/src/main/kotlin/com/astraive/lattice/DiscoveryPermissionState.kt;apps/android/app/src/main/kotlin/com/astraive/lattice/MainActivity.kt;apps/android/app/src/main/kotlin/com/astraive/lattice/NearbyBleAdvertiser.kt;apps/android/app/src/main/kotlin/com/astraive/lattice/NearbyServiceScanner.kt;apps/android/app/src/main/kotlin/com/astraive/lattice/PersistentNearbyService.kt;apps/android/app/src/main/kotlin/com/astraive/lattice/SpaceMessageComposer.kt;apps/android/app/src/main/kotlin/uniffi/lattice_uniffi/lattice_uniffi.kt;apps/android/app/src/test/kotlin/com/astraive/lattice/AuthorizedMessageNotificationPolicyTest.kt;apps/android/app/src/test/kotlin/com/astraive/lattice/BleExp0AdvertisementTest.kt;apps/android/app/src/test/kotlin/com/astraive/lattice/BleExp0GattIoTest.kt;apps/android/app/src/test/kotlin/com/astraive/lattice/BleExp0SightingCacheTest.kt;apps/android/app/src/test/kotlin/com/astraive/lattice/BleExp0TransferProtocolTest.kt;apps/android/app/src/test/kotlin/com/astraive/lattice/BleFrameCodecTest.kt;apps/android/app/src/test/kotlin/com/astraive/lattice/BleGattPermissionPolicyTest.kt;apps/android/app/src/test/kotlin/com/astraive/lattice/CoreProjectionSubscriptionHubTest.kt;apps/cli/Cargo.toml;apps/cli/src/main.rs;apps/cli/src/sync.rs;apps/cli/src/web_sync.rs;apps/desktop/src-tauri/Cargo.toml;apps/desktop/src-tauri/src/lib.rs;apps/desktop/src-tauri/src/profile.rs;apps/desktop/src-tauri/src/spaces.rs;apps/desktop/src-tauri/src/sync.rs;apps/desktop/src/App.tsx;apps/desktop/src/features/network/LocalNetworkSettings.tsx;apps/desktop/src/features/network/PersistentPeerMode.tsx;apps/desktop/src/features/spaces/LocalSpaceBrowser.tsx;apps/desktop/src/features/spaces/LocalSyncPanel.tsx;apps/web/index.html;apps/web/package.json;apps/web/src/App.tsx;apps/web/src/app-utils.ts;apps/web/src/app.css;apps/web/src/cli-loopback-link.ts;apps/web/src/identity.ts;apps/web/src/main.tsx;apps/web/src/profile-key-vault.ts;apps/web/src/profile.worker.ts;apps/web/src/webrtc-event-link.ts;apps/web/src/worker-client.ts;apps/web/test/identity.test.ts;apps/web/tsconfig.json;apps/web/vite.config.ts;biome.json;bun.lock;crates/lattice-core/Cargo.toml;crates/lattice-core/src/lib.rs;crates/lattice-core/src/space.rs;crates/lattice-core/src/space_bootstrap.rs;crates/lattice-files/Cargo.toml;crates/lattice-files/src/lib.rs;crates/lattice-identity/Cargo.toml;crates/lattice-identity/src/lib.rs;crates/lattice-mls/Cargo.toml;crates/lattice-mls/src/api.rs;crates/lattice-storage/Cargo.toml;crates/lattice-uniffi/Cargo.toml;crates/lattice-uniffi/src/ble_exp0.rs;crates/lattice-uniffi/src/lib.rs;crates/lattice-uniffi/src/mobile_client.rs;crates/lattice-web-wasm/Cargo.toml;crates/lattice-web-wasm/src/lib.rs;crates/openmls-sqlite-storage/.cargo_vcs_info.json;crates/openmls-sqlite-storage/CHANGELOG.md;crates/openmls-sqlite-storage/Cargo.toml;crates/openmls-sqlite-storage/Cargo.toml.orig;crates/openmls-sqlite-storage/README.md;crates/openmls-sqlite-storage/migrations/V1__initial.sql;crates/openmls-sqlite-storage/migrations/V2__constraint_addition.sql;crates/openmls-sqlite-storage/migrations/V3__virtual_clients.sql;crates/openmls-sqlite-storage/migrations/V4__vc_emulation_bindings.sql;crates/openmls-sqlite-storage/migrations/V5__vc_operation_secrets.sql;crates/openmls-sqlite-storage/migrations/V6__registered_vc_emulation_epoch.sql;crates/openmls-sqlite-storage/src/codec.rs;crates/openmls-sqlite-storage/src/encryption_key_pairs.rs;crates/openmls-sqlite-storage/src/epoch_key_pairs.rs;crates/openmls-sqlite-storage/src/group_data.rs;crates/openmls-sqlite-storage/src/key_packages.rs;crates/openmls-sqlite-storage/src/lib.rs;crates/openmls-sqlite-storage/src/own_leaf_nodes.rs;crates/openmls-sqlite-storage/src/proposals.rs;crates/openmls-sqlite-storage/src/psks.rs;crates/openmls-sqlite-storage/src/signature_key_pairs.rs;crates/openmls-sqlite-storage/src/storage_provider.rs;crates/openmls-sqlite-storage/src/vc_secrets.rs;crates/openmls-sqlite-storage/src/wrappers.rs;crates/openmls-sqlite-storage/tests/proposals.rs;crates/openmls-sqlite-storage/tests/vc_operation_tree.rs;design/assets/.gitkeep;design/icons/.gitkeep;design/scripts/.gitkeep;design/tokens/.gitkeep;docs/PLAN.md;docs/REQUIREMENTS.md;docs/TECH_STACK.md;docs/architecture.md;docs/decisions/ADR-005-ble-exp0-profile.md;docs/decisions/DECISIONS.md;docs/development-pki.md;docs/features/README.md;docs/features/cli.md;docs/features/desktop.md;docs/features/networking.md;docs/features/web.md;docs/quality/FEATURE_LEDGER.md;docs/verification/EVIDENCE_INDEX.md;docs/verification/FEATURE_LEDGER.json;docs/verification/FEATURE_LEDGER.md;docs/verification/INTEROP_MATRIX.md;docs/verification/KNOWN_BLOCKERS.md;docs/verification/PHYSICAL_ANDROID_ACCEPTANCE.md;docs/verification/RELEASE_READINESS.md;docs/verification/RESTART_MATRIX.md;docs/verification/SECURITY_NEGATIVE_MATRIX.md;docs/verification/TRANSPORT_MATRIX.md;package.json;protocol/schemas/.gitkeep;protocol/specs/.gitkeep;protocol/specs/00-overview.md;protocol/specs/10-ble.md;protocol/vectors/.gitkeep;protocol/vectors/ble-exp0.json;protocol/vectors/canonical-cbor.json;skills-lock.json;tooling/dev-pki/Issue-DeviceCertificate.ps1;tooling/fuzz/.gitkeep;tooling/mesh-simulator/.gitkeep;transports/.gitkeep,PENDING-AUDIT,
03c5bd44b94712629b049895d82b4fc443e11aef,docs(protocol): specify BLE frame flow control and reconnect,protocol-events-vectors;requirements-and-architecture,LAT-002;LAT-003;LAT-006;LAT-011;LAT-018,docs/features/networking.md;docs/quality/FEATURE_LEDGER.md;protocol/specs/10-ble.md,PENDING-AUDIT,
6e3d9f59cc5e21f5224b3a0edb28c80e37cc99c2,docs(protocol): record BLE exp0 decision and vectors,protocol-events-vectors;requirements-and-architecture,LAT-002;LAT-003;LAT-006;LAT-011;LAT-018,docs/decisions/ADR-005-ble-exp0-profile.md;docs/decisions/DECISIONS.md;docs/features/networking.md;docs/quality/FEATURE_LEDGER.md;protocol/specs/00-overview.md;protocol/specs/10-ble.md;protocol/vectors/ble-exp0.json,PENDING-AUDIT,
05b0ea6a527aa92e48bbd64542f31510e4790e56,feat(android): wire exp0 BLE discovery,android-and-mobile;protocol-events-vectors,LAT-001;LAT-002;LAT-003;LAT-006;LAT-008;LAT-009;LAT-010;LAT-011;LAT-013;LAT-016;LAT-018;MOB,apps/android/app/src/main/AndroidManifest.xml;apps/android/app/src/main/kotlin/com/astraive/lattice/BleExp0Advertisement.kt;apps/android/app/src/main/kotlin/com/astraive/lattice/BleExp0SightingCache.kt;apps/android/app/src/main/kotlin/com/astraive/lattice/DiscoveryPermissionState.kt;apps/android/app/src/main/kotlin/com/astraive/lattice/MainActivity.kt;apps/android/app/src/main/kotlin/com/astraive/lattice/NearbyBleAdvertiser.kt;apps/android/app/src/main/kotlin/com/astraive/lattice/NearbyServiceScanner.kt;apps/android/app/src/main/kotlin/com/astraive/lattice/PersistentNearbyService.kt;apps/android/app/src/test/kotlin/com/astraive/lattice/BleExp0AdvertisementTest.kt;apps/android/app/src/test/kotlin/com/astraive/lattice/BleExp0SightingCacheTest.kt;apps/android/app/src/test/kotlin/com/astraive/lattice/BleGattPermissionPolicyTest.kt,PENDING-AUDIT,
f4084fc01af6a4066b058bfd20c4d87c3b32c2d4,build(storage): pin vendored OpenMLS SQLite provider,build-repository-maintenance;protocol-events-vectors;spaces-and-mls;storage-outbox-courier,IDN-004;IDN-008;LAT-002;LAT-003;LAT-004;LAT-005;LAT-006;LAT-007;LAT-011;LAT-018;SPC,.gitignore;Cargo.lock;Cargo.toml;crates/lattice-mls/Cargo.toml;crates/lattice-storage/Cargo.toml;crates/openmls-sqlite-storage/.cargo_vcs_info.json;crates/openmls-sqlite-storage/CHANGELOG.md;crates/openmls-sqlite-storage/Cargo.toml;crates/openmls-sqlite-storage/Cargo.toml.orig;crates/openmls-sqlite-storage/README.md;crates/openmls-sqlite-storage/migrations/V1__initial.sql;crates/openmls-sqlite-storage/migrations/V2__constraint_addition.sql;crates/openmls-sqlite-storage/migrations/V3__virtual_clients.sql;crates/openmls-sqlite-storage/migrations/V4__vc_emulation_bindings.sql;crates/openmls-sqlite-storage/migrations/V5__vc_operation_secrets.sql;crates/openmls-sqlite-storage/migrations/V6__registered_vc_emulation_epoch.sql;design/assets/.gitkeep;design/icons/.gitkeep;design/scripts/.gitkeep;design/tokens/.gitkeep;protocol/schemas/.gitkeep;protocol/specs/.gitkeep;protocol/vectors/.gitkeep;tooling/fuzz/.gitkeep;tooling/mesh-simulator/.gitkeep;transports/.gitkeep,PENDING-AUDIT,
77acf778bf605fea5eb4848e2e7cacb95880ecd2,feat(storage): add OpenMLS SQLite object stores,build-repository-maintenance,,crates/openmls-sqlite-storage/src/codec.rs;crates/openmls-sqlite-storage/src/encryption_key_pairs.rs;crates/openmls-sqlite-storage/src/epoch_key_pairs.rs;crates/openmls-sqlite-storage/src/group_data.rs;crates/openmls-sqlite-storage/src/key_packages.rs;crates/openmls-sqlite-storage/src/lib.rs;crates/openmls-sqlite-storage/src/own_leaf_nodes.rs;crates/openmls-sqlite-storage/src/proposals.rs;crates/openmls-sqlite-storage/src/psks.rs;crates/openmls-sqlite-storage/src/signature_key_pairs.rs;crates/openmls-sqlite-storage/src/wrappers.rs,PENDING-AUDIT,
8706e9b4bdaf23385604b63d757fb1cff5b96926,feat(storage): add OpenMLS SQLite provider,build-repository-maintenance,,crates/openmls-sqlite-storage/src/storage_provider.rs,PENDING-AUDIT,
0e98a02abd471219016dd2a1e647e200a24ee736,feat(storage): persist OpenMLS secret trees,build-repository-maintenance,,crates/openmls-sqlite-storage/src/vc_secrets.rs;crates/openmls-sqlite-storage/tests/proposals.rs;crates/openmls-sqlite-storage/tests/vc_operation_tree.rs,PENDING-AUDIT,
40552db2a79cf04a74198fc08090f46b52e9b016,feat(core): persist queued events after membership transitions,spaces-and-mls,IDN-004;IDN-008;LAT-003;LAT-007;SPC,crates/lattice-core/Cargo.toml;crates/lattice-core/src/lib.rs;crates/lattice-core/src/space_bootstrap.rs,PENDING-AUDIT,
f20b8748ab3ea268c77deecb3faa647634892515,feat(identity): add durable device identity and pinning,files-and-transfers;identity-trust-pki,FIL;IDN;LAT-006;LAT-009,crates/lattice-files/Cargo.toml;crates/lattice-files/src/lib.rs;crates/lattice-identity/Cargo.toml;crates/lattice-identity/src/lib.rs,PENDING-AUDIT,
bb5debf39f8a039f3ab3bb7ecb6d69f639b38b13,feat(mls): integrate durable membership and SQLite state,spaces-and-mls,IDN-004;IDN-008;LAT-003;LAT-007;SPC,crates/lattice-mls/src/api.rs,PENDING-AUDIT,
cd8aac3b69234f2f95ff1ec7f437ded075dc1888,feat(uniffi): expose authenticated BLE sessions,build-repository-maintenance,,crates/lattice-uniffi/Cargo.toml;crates/lattice-uniffi/src/ble_exp0.rs,PENDING-AUDIT,
842aebbc52e0615a1b70789fec4f96d5c27a88eb,feat(uniffi): bridge authenticated mobile projections,build-repository-maintenance,,crates/lattice-uniffi/src/lib.rs;crates/lattice-uniffi/src/mobile_client.rs,PENDING-AUDIT,
a5cf8b7c1c4faa5d20953a2e91e3fcc5b13a1682,feat(web): expose protected shared Core through WASM,build-repository-maintenance,,crates/lattice-web-wasm/Cargo.toml;crates/lattice-web-wasm/src/lib.rs,PENDING-AUDIT,
d439b0779be846049a5b6b518b2a4920c0e94ec0,feat(cli): add authenticated browser loopback bridge,cli-and-node,CLI;LAT-004;NET,apps/cli/Cargo.toml;apps/cli/src/main.rs;apps/cli/src/sync.rs;apps/cli/src/web_sync.rs,PENDING-AUDIT,
e59db58bb664f48debd061e2c7e8bf3c4085efdc,feat(desktop): synchronize spaces through Core,desktop;sync-routing-transport,DSK;LAT-002;LAT-004;LAT-005;LAT-007;LAT-011;NET,apps/desktop/src-tauri/Cargo.toml;apps/desktop/src-tauri/src/lib.rs;apps/desktop/src-tauri/src/spaces.rs;apps/desktop/src-tauri/src/sync.rs;apps/desktop/src/App.tsx;apps/desktop/src/features/network/LocalNetworkSettings.tsx;apps/desktop/src/features/network/PersistentPeerMode.tsx;apps/desktop/src/features/spaces/LocalSpaceBrowser.tsx;apps/desktop/src/features/spaces/LocalSyncPanel.tsx,PENDING-AUDIT,
80ecabeea751186051653ce1fd1bbc37508d0c76,feat(android): wire BLE discovery adapters,android-and-mobile;protocol-events-vectors,LAT-001;LAT-002;LAT-003;LAT-006;LAT-008;LAT-009;LAT-010;LAT-011;LAT-013;LAT-016;LAT-018;MOB,apps/android/app/src/main/kotlin/com/astraive/lattice/AndroidMobileProfile.kt;apps/android/app/src/main/kotlin/com/astraive/lattice/BleFrameCodec.kt;apps/android/app/src/main/kotlin/com/astraive/lattice/BleGattAdapters.kt;apps/android/app/src/main/kotlin/com/astraive/lattice/NearbyBleAdvertiser.kt;apps/android/app/src/main/kotlin/com/astraive/lattice/NearbyServiceScanner.kt;apps/android/app/src/main/kotlin/com/astraive/lattice/SpaceMessageComposer.kt;apps/android/app/src/test/kotlin/com/astraive/lattice/BleExp0AdvertisementTest.kt;apps/android/app/src/test/kotlin/com/astraive/lattice/BleFrameCodecTest.kt,PENDING-AUDIT,
825ce2feb887b93bae9d8ef8b7a25f0c8cf8f241,feat(android): bind lifecycle to authorized Core projections,android-and-mobile,LAT-001;LAT-008;LAT-009;LAT-010;LAT-013;LAT-016;MOB,apps/android/app/src/main/kotlin/com/astraive/lattice/AuthorizedMessageNotificationPolicy.kt;apps/android/app/src/main/kotlin/com/astraive/lattice/MainActivity.kt;apps/android/app/src/test/kotlin/com/astraive/lattice/AuthorizedMessageNotificationPolicyTest.kt;apps/android/app/src/test/kotlin/com/astraive/lattice/CoreProjectionSubscriptionHubTest.kt,PENDING-AUDIT,
bc339b81f5e75b7f87509a6352915899046fe713,feat(android): add bounded BLE session transport,android-and-mobile;sync-routing-transport,LAT-001;LAT-002;LAT-005;LAT-007;LAT-008;LAT-009;LAT-010;LAT-011;LAT-013;LAT-016;MOB;NET,apps/android/app/src/main/kotlin/com/astraive/lattice/BleExp0CentralSession.kt;apps/android/app/src/main/kotlin/com/astraive/lattice/BleExp0EnvelopeTransport.kt;apps/android/app/src/main/kotlin/com/astraive/lattice/BleExp0GattIo.kt;apps/android/app/src/main/kotlin/com/astraive/lattice/BleExp0OutboxPump.kt;apps/android/app/src/test/kotlin/com/astraive/lattice/BleExp0GattIoTest.kt,PENDING-AUDIT,
9e8dd8b88c440b93a2f8c2b5743eb81f21dd7e5d,feat(android): coordinate BLE peer sessions,android-and-mobile,LAT-001;LAT-008;LAT-009;LAT-010;LAT-013;LAT-016;MOB,apps/android/app/src/main/kotlin/com/astraive/lattice/BleExp0PeripheralSession.kt;apps/android/app/src/main/kotlin/com/astraive/lattice/BleExp0SessionCoordinator.kt;apps/android/app/src/main/kotlin/com/astraive/lattice/BleExp0TransferProtocol.kt,PENDING-AUDIT,
9ab5fbc7db57ef6e1ca5256962f3d338553443ad,test(android): cover BLE transfer bounds,android-and-mobile,LAT-001;LAT-008;LAT-009;LAT-010;LAT-013;LAT-016;MOB,apps/android/app/src/test/kotlin/com/astraive/lattice/BleExp0TransferProtocolTest.kt,PENDING-AUDIT,
c8a143060994ff14fc65c92716d39c08b0bc51bc,build(android): refresh UniFFI bindings 1 of 4,android-and-mobile,LAT-001;LAT-008;LAT-009;LAT-010;LAT-013;LAT-016;MOB,apps/android/app/src/main/kotlin/uniffi/lattice_uniffi/lattice_uniffi.kt,PENDING-AUDIT,
cf3aaaa9046cce1e79b1f6de5a873b2224b41323,build(android): refresh UniFFI bindings 2 of 4,android-and-mobile,LAT-001;LAT-008;LAT-009;LAT-010;LAT-013;LAT-016;MOB,apps/android/app/src/main/kotlin/uniffi/lattice_uniffi/lattice_uniffi.kt,PENDING-AUDIT,
b557bd2f1dc9efae7ef3e5294b4328bd61bcf3d8,build(android): refresh UniFFI bindings 3 of 4,android-and-mobile,LAT-001;LAT-008;LAT-009;LAT-010;LAT-013;LAT-016;MOB,apps/android/app/src/main/kotlin/uniffi/lattice_uniffi/lattice_uniffi.kt,PENDING-AUDIT,
ac8817287ad7384d9d2667d51a24952912ab15c4,build(android): complete UniFFI binding update,android-and-mobile,LAT-001;LAT-008;LAT-009;LAT-010;LAT-013;LAT-016;MOB,apps/android/app/src/main/kotlin/uniffi/lattice_uniffi/lattice_uniffi.kt,PENDING-AUDIT,
c39fcea4916e033f329c5f5cfb8d8c7253e5aae0,feat(web): add application shell and identity utilities,web-and-browser,LAT-002;LAT-004;WEB,apps/web/index.html;apps/web/package.json;apps/web/src/app-utils.ts;apps/web/src/app.css;apps/web/src/identity.ts;apps/web/src/main.tsx;apps/web/test/identity.test.ts;apps/web/tsconfig.json;apps/web/vite.config.ts;biome.json;bun.lock;skills-lock.json,PENDING-AUDIT,
3a7df9ee16ebbd68170b4030ff0b26676868351d,feat(web): persist profiles through worker services,web-and-browser,LAT-002;LAT-004;WEB,apps/web/src/profile-key-vault.ts;apps/web/src/profile.worker.ts;apps/web/src/worker-client.ts,PENDING-AUDIT,
ee6ee069cf1c6b1bc83b2a37f7b3a09e4c9ddc1b,feat(web): add peer and CLI event links,web-and-browser,LAT-002;LAT-004;WEB,apps/web/src/cli-loopback-link.ts;apps/web/src/webrtc-event-link.ts,PENDING-AUDIT,
5aebaa9b66c36af4a654aeb5818e7aa6ae353b70,feat(web): add Space and identity interface,web-and-browser,LAT-002;LAT-004;WEB,apps/web/src/App.tsx,PENDING-AUDIT,
4769594adc2f13133892d5258406e6fd4e01ee00,docs(protocol): record Web and BLE verification evidence,build-repository-maintenance;protocol-events-vectors;requirements-and-architecture,LAT-002;LAT-003;LAT-006;LAT-011;LAT-018,docs/PLAN.md;docs/REQUIREMENTS.md;docs/TECH_STACK.md;docs/architecture.md;docs/development-pki.md;docs/features/README.md;docs/features/cli.md;docs/features/desktop.md;docs/features/web.md;docs/quality/FEATURE_LEDGER.md;docs/verification/EVIDENCE_INDEX.md;docs/verification/FEATURE_LEDGER.json;docs/verification/FEATURE_LEDGER.md;docs/verification/INTEROP_MATRIX.md;docs/verification/KNOWN_BLOCKERS.md;docs/verification/PHYSICAL_ANDROID_ACCEPTANCE.md;docs/verification/RELEASE_READINESS.md;docs/verification/RESTART_MATRIX.md;docs/verification/SECURITY_NEGATIVE_MATRIX.md;docs/verification/TRANSPORT_MATRIX.md;protocol/vectors/ble-exp0.json;protocol/vectors/canonical-cbor.json;tooling/dev-pki/Issue-DeviceCertificate.ps1,PENDING-AUDIT,
e3a28759262988a1672b353bfaf5ba00c2a91e19,test(interop): record native Desktop-CLI evidence,desktop;requirements-and-architecture,DSK;LAT-002;LAT-004,apps/desktop/src-tauri/src/profile.rs;docs/quality/FEATURE_LEDGER.md;docs/verification/EVIDENCE_INDEX.md;docs/verification/FEATURE_LEDGER.json;docs/verification/FEATURE_LEDGER.md;docs/verification/INTEROP_MATRIX.md;docs/verification/KNOWN_BLOCKERS.md;docs/verification/RELEASE_READINESS.md;docs/verification/TRANSPORT_MATRIX.md,PENDING-AUDIT,
89ec503c2e29e690669d4936b1b059f37c948843,fix(desktop): accept synced membership bundles,desktop;requirements-and-architecture;spaces-and-mls;sync-routing-transport,DSK;IDN-004;IDN-008;LAT-002;LAT-003;LAT-004;LAT-005;LAT-007;LAT-011;NET;SPC,apps/desktop/src-tauri/src/sync.rs;crates/lattice-core/src/lib.rs;docs/verification/FEATURE_LEDGER.json;docs/verification/FEATURE_LEDGER.md;docs/verification/INTEROP_MATRIX.md;docs/verification/KNOWN_BLOCKERS.md;docs/verification/RELEASE_READINESS.md;docs/verification/TRANSPORT_MATRIX.md,PENDING-AUDIT,
48e54f8d4f2a94e56faed38fd6ddb20a6d02502b,fix(sync): preserve checkpoint-covered ancestry,cli-and-node;desktop;spaces-and-mls;sync-routing-transport,CLI;DSK;IDN-004;IDN-008;LAT-002;LAT-003;LAT-004;LAT-005;LAT-007;LAT-011;NET;SPC,apps/cli/src/sync.rs;apps/cli/src/web_sync.rs;apps/desktop/src-tauri/src/sync.rs;apps/desktop/src/features/spaces/LocalSyncPanel.tsx;crates/lattice-core/src/lib.rs;crates/lattice-core/src/space.rs;crates/lattice-uniffi/src/lib.rs;crates/lattice-uniffi/src/mobile_client.rs,PENDING-AUDIT,
00d5d5c0fe508f9bcfa66a56f5fb69127ad7677f,docs(verification): record Desktop checkpoint acceptance,requirements-and-architecture,,docs/quality/FEATURE_LEDGER.md;docs/verification/FEATURE_LEDGER.json;docs/verification/FEATURE_LEDGER.md;docs/verification/INTEROP_MATRIX.md;docs/verification/KNOWN_BLOCKERS.md;docs/verification/RELEASE_READINESS.md;docs/verification/TRANSPORT_MATRIX.md,PENDING-AUDIT,
ef08449ca9b09762513989917170466e09159a60,ci: unblock workspace and Android validation,build-repository-maintenance;cli-and-node;spaces-and-mls,CLI;IDN-004;IDN-008;LAT-003;LAT-004;LAT-007;NET;SPC,.github/workflows/ci.yml;apps/cli/src/sync.rs;crates/lattice-core/src/lib.rs;package.json,PENDING-AUDIT,
a0a43aae86731a80809b939f6c051ac01a273933,ci: use published Android SDK and tracked lint rules,android-and-mobile;build-repository-maintenance,LAT-001;LAT-008;LAT-009;LAT-010;LAT-013;LAT-016;MOB,.github/markdownlint-ci.jsonc;.github/workflows/ci.yml;apps/android/app/build.gradle.kts;package.json,PENDING-AUDIT,
3a50f4734ec904f4a506003d142c4d2d9151833c,ci: add wasm and Android 17 SDK setup,android-and-mobile;build-repository-maintenance,LAT-001;LAT-008;LAT-009;LAT-010;LAT-013;LAT-016;MOB,.github/workflows/ci.yml;apps/android/app/build.gradle.kts,PENDING-AUDIT,
d8db307ba7eaa8ce6c8c1bda4b89be9ae0d94c19,Merge remote-tracking branch 'origin/beta' into correction/pr42-standard-merge,build-repository-maintenance,CLI;DSK;FIL;IDN;IDN-004;IDN-008;LAT-001;LAT-002;LAT-003;LAT-004;LAT-005;LAT-006;LAT-007;LAT-008;LAT-009;LAT-010;LAT-011;LAT-013;LAT-016;LAT-018;MOB;NET;SPC;WEB,.github/markdownlint-ci.jsonc;.github/workflows/ci.yml;.gitignore;Cargo.lock;Cargo.toml;apps/android/app/src/main/AndroidManifest.xml;apps/android/app/src/main/kotlin/com/astraive/lattice/AndroidMobileProfile.kt;apps/android/app/src/main/kotlin/com/astraive/lattice/AuthorizedMessageNotificationPolicy.kt;apps/android/app/src/main/kotlin/com/astraive/lattice/BleExp0Advertisement.kt;apps/android/app/src/main/kotlin/com/astraive/lattice/BleExp0CentralSession.kt;apps/android/app/src/main/kotlin/com/astraive/lattice/BleExp0EnvelopeTransport.kt;apps/android/app/src/main/kotlin/com/astraive/lattice/BleExp0GattIo.kt;apps/android/app/src/main/kotlin/com/astraive/lattice/BleExp0OutboxPump.kt;apps/android/app/src/main/kotlin/com/astraive/lattice/BleExp0PeripheralSession.kt;apps/android/app/src/main/kotlin/com/astraive/lattice/BleExp0SessionCoordinator.kt;apps/android/app/src/main/kotlin/com/astraive/lattice/BleExp0SightingCache.kt;apps/android/app/src/main/kotlin/com/astraive/lattice/BleExp0TransferProtocol.kt;apps/android/app/src/main/kotlin/com/astraive/lattice/BleFrameCodec.kt;apps/android/app/src/main/kotlin/com/astraive/lattice/BleGattAdapters.kt;apps/android/app/src/main/kotlin/com/astraive/lattice/DiscoveryPermissionState.kt;apps/android/app/src/main/kotlin/com/astraive/lattice/MainActivity.kt;apps/android/app/src/main/kotlin/com/astraive/lattice/NearbyBleAdvertiser.kt;apps/android/app/src/main/kotlin/com/astraive/lattice/NearbyServiceScanner.kt;apps/android/app/src/main/kotlin/com/astraive/lattice/PersistentNearbyService.kt;apps/android/app/src/main/kotlin/com/astraive/lattice/SpaceMessageComposer.kt;apps/android/app/src/main/kotlin/uniffi/lattice_uniffi/lattice_uniffi.kt;apps/android/app/src/test/kotlin/com/astraive/lattice/AuthorizedMessageNotificationPolicyTest.kt;apps/android/app/src/test/kotlin/com/astraive/lattice/BleExp0AdvertisementTest.kt;apps/android/app/src/test/kotlin/com/astraive/lattice/BleExp0GattIoTest.kt;apps/android/app/src/test/kotlin/com/astraive/lattice/BleExp0SightingCacheTest.kt;apps/android/app/src/test/kotlin/com/astraive/lattice/BleExp0TransferProtocolTest.kt;apps/android/app/src/test/kotlin/com/astraive/lattice/BleFrameCodecTest.kt;apps/android/app/src/test/kotlin/com/astraive/lattice/BleGattPermissionPolicyTest.kt;apps/android/app/src/test/kotlin/com/astraive/lattice/CoreProjectionSubscriptionHubTest.kt;apps/cli/Cargo.toml;apps/cli/src/main.rs;apps/cli/src/sync.rs;apps/cli/src/web_sync.rs;apps/desktop/src-tauri/Cargo.toml;apps/desktop/src-tauri/src/lib.rs;apps/desktop/src-tauri/src/profile.rs;apps/desktop/src-tauri/src/spaces.rs;apps/desktop/src-tauri/src/sync.rs;apps/desktop/src/App.tsx;apps/desktop/src/features/network/LocalNetworkSettings.tsx;apps/desktop/src/features/network/PersistentPeerMode.tsx;apps/desktop/src/features/spaces/LocalSpaceBrowser.tsx;apps/desktop/src/features/spaces/LocalSyncPanel.tsx;apps/web/index.html;apps/web/package.json;apps/web/src/App.tsx;apps/web/src/app-utils.ts;apps/web/src/app.css;apps/web/src/cli-loopback-link.ts;apps/web/src/identity.ts;apps/web/src/main.tsx;apps/web/src/profile-key-vault.ts;apps/web/src/profile.worker.ts;apps/web/src/webrtc-event-link.ts;apps/web/src/worker-client.ts;apps/web/test/identity.test.ts;apps/web/tsconfig.json;apps/web/vite.config.ts;biome.json;bun.lock;crates/lattice-core/Cargo.toml;crates/lattice-core/src/lib.rs;crates/lattice-core/src/space.rs;crates/lattice-core/src/space_bootstrap.rs;crates/lattice-files/Cargo.toml;crates/lattice-files/src/lib.rs;crates/lattice-identity/Cargo.toml;crates/lattice-identity/src/lib.rs;crates/lattice-mls/Cargo.toml;crates/lattice-mls/src/api.rs;crates/lattice-storage/Cargo.toml;crates/lattice-uniffi/Cargo.toml;crates/lattice-uniffi/src/ble_exp0.rs;crates/lattice-uniffi/src/lib.rs;crates/lattice-uniffi/src/mobile_client.rs;crates/lattice-web-wasm/Cargo.toml;crates/lattice-web-wasm/src/lib.rs;crates/openmls-sqlite-storage/.cargo_vcs_info.json;crates/openmls-sqlite-storage/CHANGELOG.md;crates/openmls-sqlite-storage/Cargo.toml;crates/openmls-sqlite-storage/Cargo.toml.orig;crates/openmls-sqlite-storage/README.md;crates/openmls-sqlite-storage/migrations/V1__initial.sql;crates/openmls-sqlite-storage/migrations/V2__constraint_addition.sql;crates/openmls-sqlite-storage/migrations/V3__virtual_clients.sql;crates/openmls-sqlite-storage/migrations/V4__vc_emulation_bindings.sql;crates/openmls-sqlite-storage/migrations/V5__vc_operation_secrets.sql;crates/openmls-sqlite-storage/migrations/V6__registered_vc_emulation_epoch.sql;crates/openmls-sqlite-storage/src/codec.rs;crates/openmls-sqlite-storage/src/encryption_key_pairs.rs;crates/openmls-sqlite-storage/src/epoch_key_pairs.rs;crates/openmls-sqlite-storage/src/group_data.rs;crates/openmls-sqlite-storage/src/key_packages.rs;crates/openmls-sqlite-storage/src/lib.rs;crates/openmls-sqlite-storage/src/own_leaf_nodes.rs;crates/openmls-sqlite-storage/src/proposals.rs;crates/openmls-sqlite-storage/src/psks.rs;crates/openmls-sqlite-storage/src/signature_key_pairs.rs;crates/openmls-sqlite-storage/src/storage_provider.rs;crates/openmls-sqlite-storage/src/vc_secrets.rs;crates/openmls-sqlite-storage/src/wrappers.rs;crates/openmls-sqlite-storage/tests/proposals.rs;crates/openmls-sqlite-storage/tests/vc_operation_tree.rs;design/assets/.gitkeep;design/icons/.gitkeep;design/scripts/.gitkeep;design/tokens/.gitkeep;docs/PLAN.md;docs/REQUIREMENTS.md;docs/TECH_STACK.md;docs/architecture.md;docs/decisions/ADR-005-ble-exp0-profile.md;docs/decisions/DECISIONS.md;docs/development-pki.md;docs/features/README.md;docs/features/cli.md;docs/features/desktop.md;docs/features/networking.md;docs/features/web.md;docs/quality/FEATURE_LEDGER.md;docs/verification/EVIDENCE_INDEX.md;docs/verification/FEATURE_LEDGER.json;docs/verification/FEATURE_LEDGER.md;docs/verification/INTEROP_MATRIX.md;docs/verification/KNOWN_BLOCKERS.md;docs/verification/PHYSICAL_ANDROID_ACCEPTANCE.md;docs/verification/RELEASE_READINESS.md;docs/verification/RESTART_MATRIX.md;docs/verification/SECURITY_NEGATIVE_MATRIX.md;docs/verification/TRANSPORT_MATRIX.md;package.json;protocol/schemas/.gitkeep;protocol/specs/.gitkeep;protocol/specs/00-overview.md;protocol/specs/10-ble.md;protocol/vectors/.gitkeep;protocol/vectors/ble-exp0.json;protocol/vectors/canonical-cbor.json;skills-lock.json;tooling/dev-pki/Issue-DeviceCertificate.ps1;tooling/fuzz/.gitkeep;tooling/mesh-simulator/.gitkeep;transports/.gitkeep,PENDING-AUDIT,
e5e6d4e8fa49356f40ea20421cde45b3ccf68f1b,Merge pull request #43 from Astraive/correction/pr42-standard-merge,build-repository-maintenance,,,PENDING-AUDIT,
65ddb51a72f3ab3fc1801802ade8b89ec877f29d,Merge branch 'main' into dependabot/gradle/apps/android/gradle-wrapper-9.7.1,build-repository-maintenance,CLI;DSK;FIL;IDN;IDN-004;IDN-008;LAT-001;LAT-002;LAT-003;LAT-004;LAT-005;LAT-006;LAT-007;LAT-008;LAT-009;LAT-010;LAT-011;LAT-013;LAT-016;LAT-017;LAT-018;MOB;NET;NET-009;NET-010;NET-011;NET-013;SPC;VOC;WEB,.github/markdownlint-ci.jsonc;.github/workflows/ci.yml;.gitignore;Cargo.lock;Cargo.toml;apps/android/app/build.gradle.kts;apps/android/app/src/main/AndroidManifest.xml;apps/android/app/src/main/kotlin/com/astraive/lattice/AndroidMobileProfile.kt;apps/android/app/src/main/kotlin/com/astraive/lattice/AndroidPrivateKeyProtector.kt;apps/android/app/src/main/kotlin/com/astraive/lattice/AndroidWifiCapabilityProbe.kt;apps/android/app/src/main/kotlin/com/astraive/lattice/AuthorizedMessageNotificationPolicy.kt;apps/android/app/src/main/kotlin/com/astraive/lattice/BleExp0Advertisement.kt;apps/android/app/src/main/kotlin/com/astraive/lattice/BleExp0CentralSession.kt;apps/android/app/src/main/kotlin/com/astraive/lattice/BleExp0EnvelopeTransport.kt;apps/android/app/src/main/kotlin/com/astraive/lattice/BleExp0GattIo.kt;apps/android/app/src/main/kotlin/com/astraive/lattice/BleExp0OutboxPump.kt;apps/android/app/src/main/kotlin/com/astraive/lattice/BleExp0PeripheralSession.kt;apps/android/app/src/main/kotlin/com/astraive/lattice/BleExp0SessionCoordinator.kt;apps/android/app/src/main/kotlin/com/astraive/lattice/BleExp0SightingCache.kt;apps/android/app/src/main/kotlin/com/astraive/lattice/BleExp0TransferProtocol.kt;apps/android/app/src/main/kotlin/com/astraive/lattice/BleFrameCodec.kt;apps/android/app/src/main/kotlin/com/astraive/lattice/BleGattAdapters.kt;apps/android/app/src/main/kotlin/com/astraive/lattice/DiscoveryPermissionState.kt;apps/android/app/src/main/kotlin/com/astraive/lattice/MainActivity.kt;apps/android/app/src/main/kotlin/com/astraive/lattice/NearbyBleAdvertiser.kt;apps/android/app/src/main/kotlin/com/astraive/lattice/NearbyServiceScanner.kt;apps/android/app/src/main/kotlin/com/astraive/lattice/PersistentNearbyService.kt;apps/android/app/src/main/kotlin/com/astraive/lattice/SpaceCreationCard.kt;apps/android/app/src/main/kotlin/com/astraive/lattice/SpaceMessageComposer.kt;apps/android/app/src/main/kotlin/com/astraive/lattice/identity/IdentityPinCard.kt;apps/android/app/src/main/kotlin/uniffi/lattice_uniffi/lattice_uniffi.kt;apps/android/app/src/test/kotlin/com/astraive/lattice/AndroidPrivateKeyProtectorTest.kt;apps/android/app/src/test/kotlin/com/astraive/lattice/AndroidWifiCapabilityProbeTest.kt;apps/android/app/src/test/kotlin/com/astraive/lattice/AuthorizedMessageNotificationPolicyTest.kt;apps/android/app/src/test/kotlin/com/astraive/lattice/BleExp0AdvertisementTest.kt;apps/android/app/src/test/kotlin/com/astraive/lattice/BleExp0GattIoTest.kt;apps/android/app/src/test/kotlin/com/astraive/lattice/BleExp0SightingCacheTest.kt;apps/android/app/src/test/kotlin/com/astraive/lattice/BleExp0TransferProtocolTest.kt;apps/android/app/src/test/kotlin/com/astraive/lattice/BleFrameCodecTest.kt;apps/android/app/src/test/kotlin/com/astraive/lattice/BleGattPermissionPolicyTest.kt;apps/android/app/src/test/kotlin/com/astraive/lattice/CoreProjectionSubscriptionHubTest.kt;apps/android/app/src/test/kotlin/com/astraive/lattice/DiscoveryPermissionStateTest.kt;apps/android/app/src/test/kotlin/com/astraive/lattice/IdentityPinHexTest.kt;apps/android/app/src/test/kotlin/com/astraive/lattice/MlsGroupReferenceVectorTest.kt;apps/android/app/src/test/kotlin/com/astraive/lattice/PersistentNearbyPermissionPolicyTest.kt;apps/android/app/src/test/kotlin/com/astraive/lattice/SpaceCreationInputTest.kt;apps/cli/Cargo.toml;apps/cli/src/doctor.rs;apps/cli/src/identity.rs;apps/cli/src/main.rs;apps/cli/src/node.rs;apps/cli/src/peer.rs;apps/cli/src/relay.rs;apps/cli/src/space.rs;apps/cli/src/sync.rs;apps/cli/src/web_sync.rs;apps/cli/tests/json_output.rs;apps/desktop/package.json;apps/desktop/src-tauri/Cargo.toml;apps/desktop/src-tauri/src/attachments.rs;apps/desktop/src-tauri/src/encoding.rs;apps/desktop/src-tauri/src/identity.rs;apps/desktop/src-tauri/src/lib.rs;apps/desktop/src-tauri/src/local_network.rs;apps/desktop/src-tauri/src/peer_mode.rs;apps/desktop/src-tauri/src/profile.rs;apps/desktop/src-tauri/src/relay_settings.rs;apps/desktop/src-tauri/src/spaces.rs;apps/desktop/src-tauri/src/sync.rs;apps/desktop/src-tauri/tauri.conf.json;apps/desktop/src/App.css;apps/desktop/src/App.tsx;apps/desktop/src/features/identity/PeerIdentityPinPanel.tsx;apps/desktop/src/features/network/LocalNetworkSettings.tsx;apps/desktop/src/features/network/PersistentPeerMode.tsx;apps/desktop/src/features/spaces/LocalSpaceBrowser.tsx;apps/desktop/src/features/spaces/LocalSpaceCreator.tsx;apps/desktop/src/features/spaces/LocalSyncPanel.tsx;apps/web/index.html;apps/web/package.json;apps/web/src/App.tsx;apps/web/src/app-utils.ts;apps/web/src/app.css;apps/web/src/cli-loopback-link.ts;apps/web/src/identity.ts;apps/web/src/main.tsx;apps/web/src/profile-key-vault.ts;apps/web/src/profile.worker.ts;apps/web/src/webrtc-event-link.ts;apps/web/src/worker-client.ts;apps/web/test/identity.test.ts;apps/web/tsconfig.json;apps/web/vite.config.ts;biome.json;bun.lock;crates/lattice-core/Cargo.toml;crates/lattice-core/src/bootstrap_snapshot.rs;crates/lattice-core/src/identity_pin.rs;crates/lattice-core/src/lib.rs;crates/lattice-core/src/space.rs;crates/lattice-core/src/space/ephemeral.rs;crates/lattice-core/src/space/message_projection.rs;crates/lattice-core/src/space/rich_text.rs;crates/lattice-core/src/space_bootstrap.rs;crates/lattice-core/src/space_invite.rs;crates/lattice-crypto/Cargo.toml;crates/lattice-crypto/src/lib.rs;crates/lattice-events/Cargo.toml;crates/lattice-events/src/lib.rs;crates/lattice-files/Cargo.toml;crates/lattice-files/src/lib.rs;crates/lattice-files/src/staging.rs;crates/lattice-identity/Cargo.toml;crates/lattice-identity/src/lib.rs;crates/lattice-identity/src/pinned_identity.rs;crates/lattice-mesh/src/lib.rs;crates/lattice-mls/Cargo.toml;crates/lattice-mls/src/api.rs;crates/lattice-mls/src/lib.rs;crates/lattice-mls/src/storage.rs;crates/lattice-node/Cargo.toml;crates/lattice-node/src/courier.rs;crates/lattice-node/src/lib.rs;crates/lattice-node/src/path_health.rs;crates/lattice-node/src/relay.rs;crates/lattice-node/src/sync.rs;crates/lattice-node/src/sync/attachment_transfer.rs;crates/lattice-node/src/sync/direct_session.rs;crates/lattice-node/src/sync/store_source.rs;crates/lattice-node/tests/courier_transfer.rs;crates/lattice-platform/Cargo.toml;crates/lattice-platform/src/lib.rs;crates/lattice-protocol/Cargo.toml;crates/lattice-protocol/src/lib.rs;crates/lattice-protocol/src/path_upgrade.rs;crates/lattice-relay/Cargo.toml;crates/lattice-relay/src/lib.rs;crates/lattice-relay/src/network.rs;crates/lattice-relay/src/nip01.rs;crates/lattice-relay/src/nip11.rs;crates/lattice-relay/src/profile.rs;crates/lattice-relay/src/settings.rs;crates/lattice-router/Cargo.toml;crates/lattice-router/src/lib.rs;crates/lattice-storage/Cargo.toml;crates/lattice-storage/src/courier_queue.rs;crates/lattice-storage/src/lib.rs;crates/lattice-storage/src/trusted_identities.rs;crates/lattice-sync/src/lib.rs;crates/lattice-testkit/src/lib.rs;crates/lattice-transport/Cargo.toml;crates/lattice-transport/src/lib.rs;crates/lattice-transport/src/tcp_peer.rs;crates/lattice-uniffi/Cargo.toml;crates/lattice-uniffi/src/bin/uniffi-bindgen.rs;crates/lattice-uniffi/src/ble_exp0.rs;crates/lattice-uniffi/src/identity.rs;crates/lattice-uniffi/src/lib.rs;crates/lattice-uniffi/src/mobile_client.rs;crates/lattice-uniffi/uniffi.toml;crates/lattice-voice/Cargo.toml;crates/lattice-voice/src/lib.rs;crates/lattice-web-wasm/Cargo.toml;crates/lattice-web-wasm/src/lib.rs;crates/openmls-sqlite-storage/.cargo_vcs_info.json;crates/openmls-sqlite-storage/CHANGELOG.md;crates/openmls-sqlite-storage/Cargo.toml;crates/openmls-sqlite-storage/Cargo.toml.orig;crates/openmls-sqlite-storage/README.md;crates/openmls-sqlite-storage/migrations/V1__initial.sql;crates/openmls-sqlite-storage/migrations/V2__constraint_addition.sql;crates/openmls-sqlite-storage/migrations/V3__virtual_clients.sql;crates/openmls-sqlite-storage/migrations/V4__vc_emulation_bindings.sql;crates/openmls-sqlite-storage/migrations/V5__vc_operation_secrets.sql;crates/openmls-sqlite-storage/migrations/V6__registered_vc_emulation_epoch.sql;crates/openmls-sqlite-storage/src/codec.rs;crates/openmls-sqlite-storage/src/encryption_key_pairs.rs;crates/openmls-sqlite-storage/src/epoch_key_pairs.rs;crates/openmls-sqlite-storage/src/group_data.rs;crates/openmls-sqlite-storage/src/key_packages.rs;crates/openmls-sqlite-storage/src/lib.rs;crates/openmls-sqlite-storage/src/own_leaf_nodes.rs;crates/openmls-sqlite-storage/src/proposals.rs;crates/openmls-sqlite-storage/src/psks.rs;crates/openmls-sqlite-storage/src/signature_key_pairs.rs;crates/openmls-sqlite-storage/src/storage_provider.rs;crates/openmls-sqlite-storage/src/vc_secrets.rs;crates/openmls-sqlite-storage/src/wrappers.rs;crates/openmls-sqlite-storage/tests/proposals.rs;crates/openmls-sqlite-storage/tests/vc_operation_tree.rs;design/assets/.gitkeep;design/icons/.gitkeep;design/scripts/.gitkeep;design/tokens/.gitkeep;docs/PLAN.md;docs/README.md;docs/REQUIREMENTS.md;docs/TECH_STACK.md;docs/TODO.md;docs/UI_UX.md;docs/architecture.md;docs/data/DATA_MODEL.md;docs/decisions/ADR-001-membership-commit-conflicts.md;docs/decisions/ADR-002-channel-read-semantics.md;docs/decisions/ADR-003-nostr-envelope-relay-profile.md;docs/decisions/ADR-005-ble-exp0-profile.md;docs/decisions/DECISIONS.md;docs/development-pki.md;docs/features/README.md;docs/features/cli.md;docs/features/desktop.md;docs/features/files.md;docs/features/identity.md;docs/features/messaging.md;docs/features/mobile.md;docs/features/networking.md;docs/features/spaces.md;docs/features/voice.md;docs/features/web.md;docs/ops/DEPLOYMENT.md;docs/protocol/PROTOCOL.md;docs/quality/COMMIT_FEATURE_MAP.csv;docs/quality/FEATURE_LEDGER.md;docs/quality/HISTORY_INDEX.csv;docs/quality/TEST_PLAN.md;docs/security/SECURITY_MODEL.md;docs/spec.md;docs/spec2.md;docs/verification/EVIDENCE_INDEX.md;docs/verification/FEATURE_LEDGER.json;docs/verification/FEATURE_LEDGER.md;docs/verification/INTEROP_MATRIX.md;docs/verification/KNOWN_BLOCKERS.md;docs/verification/PHYSICAL_ANDROID_ACCEPTANCE.md;docs/verification/RELEASE_READINESS.md;docs/verification/RESTART_MATRIX.md;docs/verification/SECURITY_NEGATIVE_MATRIX.md;docs/verification/TRANSPORT_MATRIX.md;fuzz/.gitignore;fuzz/Cargo.lock;fuzz/Cargo.toml;fuzz/fuzz_targets/attachment_manifest.rs;fuzz/fuzz_targets/canonical.rs;fuzz/fuzz_targets/identity_bundle.rs;fuzz/fuzz_targets/nostr_event.rs;fuzz/fuzz_targets/relay_envelope.rs;fuzz/fuzz_targets/signed_event.rs;fuzz/fuzz_targets/sync_plan.rs;package.json;packages/desktop-ui/src/components.tsx;packages/desktop-ui/src/index.ts;packages/desktop-ui/test/components.test.tsx;packages/desktop-ui/tsconfig.json;packages/protocol-inspector/package.json;packages/protocol-inspector/src/index.test.ts;packages/protocol-inspector/src/index.ts;packages/protocol-inspector/tsconfig.json;packages/theme/package.json;packages/theme/src/index.test.ts;packages/theme/src/index.ts;packages/theme/tsconfig.json;protocol/schemas/.gitkeep;protocol/specs/.gitkeep;protocol/specs/00-overview.md;protocol/specs/02-encoding.md;protocol/specs/03-identity.md;protocol/specs/05-events.md;protocol/specs/06-spaces.md;protocol/specs/07-permissions.md;protocol/specs/08-mls.md;protocol/specs/09-envelope.md;protocol/specs/10-ble.md;protocol/specs/13-relay.md;protocol/vectors/.gitkeep;protocol/vectors/ble-exp0.json;protocol/vectors/canonical-cbor.json;protocol/vectors/identity-bundle.json;protocol/vectors/mls-group-reference.txt;protocol/vectors/space-welcome-bootstrap-v1.json;skills-lock.json;tooling/dev-pki/Issue-DeviceCertificate.ps1;tooling/dev-pki/New-DevelopmentCa.ps1;tooling/dev-pki/Set-DevelopmentCaTrust.ps1;tooling/fuzz/.gitkeep;tooling/mesh-simulator/.gitkeep;transports/.gitkeep,PENDING-AUDIT,
ff0e047598c0a72075d0e5b35720fe0a649ce2fa,Merge pull request #1 from Astraive/dependabot/gradle/apps/android/gradle-wrapper-9.7.1,build-repository-maintenance,LAT-001;LAT-008;LAT-009;LAT-010;LAT-013;LAT-016;MOB,apps/android/gradle/wrapper/gradle-wrapper.jar;apps/android/gradle/wrapper/gradle-wrapper.properties;apps/android/gradlew;apps/android/gradlew.bat,PENDING-AUDIT,
5cb5d52d6cfe2c4f52431223ce2ab158145e837e,build(deps): bump gradle/actions from 5 to 6,build-repository-maintenance,,.github/workflows/ci.yml,PENDING-AUDIT,
a675f094e2abd1e6748ad5c6942da32ba870beb9,Merge branch 'main' into dependabot/github_actions/gradle/actions-6,build-repository-maintenance,CLI;DSK;FIL;IDN;IDN-004;IDN-008;LAT-001;LAT-002;LAT-003;LAT-004;LAT-005;LAT-006;LAT-007;LAT-008;LAT-009;LAT-010;LAT-011;LAT-013;LAT-016;LAT-017;LAT-018;MOB;NET;NET-009;NET-010;NET-011;NET-013;SPC;VOC;WEB,.github/markdownlint-ci.jsonc;.github/workflows/ci.yml;.gitignore;Cargo.lock;Cargo.toml;apps/android/app/build.gradle.kts;apps/android/app/src/main/AndroidManifest.xml;apps/android/app/src/main/kotlin/com/astraive/lattice/AndroidMobileProfile.kt;apps/android/app/src/main/kotlin/com/astraive/lattice/AndroidPrivateKeyProtector.kt;apps/android/app/src/main/kotlin/com/astraive/lattice/AndroidWifiCapabilityProbe.kt;apps/android/app/src/main/kotlin/com/astraive/lattice/AuthorizedMessageNotificationPolicy.kt;apps/android/app/src/main/kotlin/com/astraive/lattice/BleExp0Advertisement.kt;apps/android/app/src/main/kotlin/com/astraive/lattice/BleExp0CentralSession.kt;apps/android/app/src/main/kotlin/com/astraive/lattice/BleExp0EnvelopeTransport.kt;apps/android/app/src/main/kotlin/com/astraive/lattice/BleExp0GattIo.kt;apps/android/app/src/main/kotlin/com/astraive/lattice/BleExp0OutboxPump.kt;apps/android/app/src/main/kotlin/com/astraive/lattice/BleExp0PeripheralSession.kt;apps/android/app/src/main/kotlin/com/astraive/lattice/BleExp0SessionCoordinator.kt;apps/android/app/src/main/kotlin/com/astraive/lattice/BleExp0SightingCache.kt;apps/android/app/src/main/kotlin/com/astraive/lattice/BleExp0TransferProtocol.kt;apps/android/app/src/main/kotlin/com/astraive/lattice/BleFrameCodec.kt;apps/android/app/src/main/kotlin/com/astraive/lattice/BleGattAdapters.kt;apps/android/app/src/main/kotlin/com/astraive/lattice/DiscoveryPermissionState.kt;apps/android/app/src/main/kotlin/com/astraive/lattice/MainActivity.kt;apps/android/app/src/main/kotlin/com/astraive/lattice/NearbyBleAdvertiser.kt;apps/android/app/src/main/kotlin/com/astraive/lattice/NearbyServiceScanner.kt;apps/android/app/src/main/kotlin/com/astraive/lattice/PersistentNearbyService.kt;apps/android/app/src/main/kotlin/com/astraive/lattice/SpaceCreationCard.kt;apps/android/app/src/main/kotlin/com/astraive/lattice/SpaceMessageComposer.kt;apps/android/app/src/main/kotlin/com/astraive/lattice/identity/IdentityPinCard.kt;apps/android/app/src/main/kotlin/uniffi/lattice_uniffi/lattice_uniffi.kt;apps/android/app/src/test/kotlin/com/astraive/lattice/AndroidPrivateKeyProtectorTest.kt;apps/android/app/src/test/kotlin/com/astraive/lattice/AndroidWifiCapabilityProbeTest.kt;apps/android/app/src/test/kotlin/com/astraive/lattice/AuthorizedMessageNotificationPolicyTest.kt;apps/android/app/src/test/kotlin/com/astraive/lattice/BleExp0AdvertisementTest.kt;apps/android/app/src/test/kotlin/com/astraive/lattice/BleExp0GattIoTest.kt;apps/android/app/src/test/kotlin/com/astraive/lattice/BleExp0SightingCacheTest.kt;apps/android/app/src/test/kotlin/com/astraive/lattice/BleExp0TransferProtocolTest.kt;apps/android/app/src/test/kotlin/com/astraive/lattice/BleFrameCodecTest.kt;apps/android/app/src/test/kotlin/com/astraive/lattice/BleGattPermissionPolicyTest.kt;apps/android/app/src/test/kotlin/com/astraive/lattice/CoreProjectionSubscriptionHubTest.kt;apps/android/app/src/test/kotlin/com/astraive/lattice/PersistentNearbyPermissionPolicyTest.kt;apps/android/app/src/test/kotlin/com/astraive/lattice/SpaceCreationInputTest.kt;apps/cli/Cargo.toml;apps/cli/src/doctor.rs;apps/cli/src/identity.rs;apps/cli/src/main.rs;apps/cli/src/node.rs;apps/cli/src/peer.rs;apps/cli/src/relay.rs;apps/cli/src/space.rs;apps/cli/src/sync.rs;apps/cli/src/web_sync.rs;apps/cli/tests/json_output.rs;apps/desktop/src-tauri/Cargo.toml;apps/desktop/src-tauri/src/attachments.rs;apps/desktop/src-tauri/src/encoding.rs;apps/desktop/src-tauri/src/identity.rs;apps/desktop/src-tauri/src/lib.rs;apps/desktop/src-tauri/src/local_network.rs;apps/desktop/src-tauri/src/peer_mode.rs;apps/desktop/src-tauri/src/profile.rs;apps/desktop/src-tauri/src/relay_settings.rs;apps/desktop/src-tauri/src/spaces.rs;apps/desktop/src-tauri/src/sync.rs;apps/desktop/src-tauri/tauri.conf.json;apps/desktop/src/App.css;apps/desktop/src/App.tsx;apps/desktop/src/features/identity/PeerIdentityPinPanel.tsx;apps/desktop/src/features/network/LocalNetworkSettings.tsx;apps/desktop/src/features/network/PersistentPeerMode.tsx;apps/desktop/src/features/spaces/LocalSpaceBrowser.tsx;apps/desktop/src/features/spaces/LocalSpaceCreator.tsx;apps/desktop/src/features/spaces/LocalSyncPanel.tsx;apps/web/index.html;apps/web/package.json;apps/web/src/App.tsx;apps/web/src/app-utils.ts;apps/web/src/app.css;apps/web/src/cli-loopback-link.ts;apps/web/src/identity.ts;apps/web/src/main.tsx;apps/web/src/profile-key-vault.ts;apps/web/src/profile.worker.ts;apps/web/src/webrtc-event-link.ts;apps/web/src/worker-client.ts;apps/web/test/identity.test.ts;apps/web/tsconfig.json;apps/web/vite.config.ts;biome.json;bun.lock;crates/lattice-core/Cargo.toml;crates/lattice-core/src/bootstrap_snapshot.rs;crates/lattice-core/src/identity_pin.rs;crates/lattice-core/src/lib.rs;crates/lattice-core/src/space.rs;crates/lattice-core/src/space/ephemeral.rs;crates/lattice-core/src/space/message_projection.rs;crates/lattice-core/src/space/rich_text.rs;crates/lattice-core/src/space_bootstrap.rs;crates/lattice-core/src/space_invite.rs;crates/lattice-crypto/src/lib.rs;crates/lattice-events/src/lib.rs;crates/lattice-files/Cargo.toml;crates/lattice-files/src/lib.rs;crates/lattice-files/src/staging.rs;crates/lattice-identity/Cargo.toml;crates/lattice-identity/src/lib.rs;crates/lattice-mls/Cargo.toml;crates/lattice-mls/src/api.rs;crates/lattice-mls/src/lib.rs;crates/lattice-mls/src/storage.rs;crates/lattice-node/Cargo.toml;crates/lattice-node/src/courier.rs;crates/lattice-node/src/lib.rs;crates/lattice-node/src/path_health.rs;crates/lattice-node/src/relay.rs;crates/lattice-node/src/sync.rs;crates/lattice-node/src/sync/attachment_transfer.rs;crates/lattice-node/src/sync/direct_session.rs;crates/lattice-node/src/sync/store_source.rs;crates/lattice-node/tests/courier_transfer.rs;crates/lattice-protocol/src/lib.rs;crates/lattice-protocol/src/path_upgrade.rs;crates/lattice-relay/Cargo.toml;crates/lattice-relay/src/lib.rs;crates/lattice-relay/src/nip01.rs;crates/lattice-relay/src/settings.rs;crates/lattice-router/src/lib.rs;crates/lattice-storage/Cargo.toml;crates/lattice-storage/src/courier_queue.rs;crates/lattice-storage/src/lib.rs;crates/lattice-storage/src/trusted_identities.rs;crates/lattice-sync/src/lib.rs;crates/lattice-testkit/src/lib.rs;crates/lattice-uniffi/Cargo.toml;crates/lattice-uniffi/src/ble_exp0.rs;crates/lattice-uniffi/src/lib.rs;crates/lattice-uniffi/src/mobile_client.rs;crates/lattice-uniffi/uniffi.toml;crates/lattice-voice/src/lib.rs;crates/lattice-web-wasm/Cargo.toml;crates/lattice-web-wasm/src/lib.rs;crates/openmls-sqlite-storage/.cargo_vcs_info.json;crates/openmls-sqlite-storage/CHANGELOG.md;crates/openmls-sqlite-storage/Cargo.toml;crates/openmls-sqlite-storage/Cargo.toml.orig;crates/openmls-sqlite-storage/README.md;crates/openmls-sqlite-storage/migrations/V1__initial.sql;crates/openmls-sqlite-storage/migrations/V2__constraint_addition.sql;crates/openmls-sqlite-storage/migrations/V3__virtual_clients.sql;crates/openmls-sqlite-storage/migrations/V4__vc_emulation_bindings.sql;crates/openmls-sqlite-storage/migrations/V5__vc_operation_secrets.sql;crates/openmls-sqlite-storage/migrations/V6__registered_vc_emulation_epoch.sql;crates/openmls-sqlite-storage/src/codec.rs;crates/openmls-sqlite-storage/src/encryption_key_pairs.rs;crates/openmls-sqlite-storage/src/epoch_key_pairs.rs;crates/openmls-sqlite-storage/src/group_data.rs;crates/openmls-sqlite-storage/src/key_packages.rs;crates/openmls-sqlite-storage/src/lib.rs;crates/openmls-sqlite-storage/src/own_leaf_nodes.rs;crates/openmls-sqlite-storage/src/proposals.rs;crates/openmls-sqlite-storage/src/psks.rs;crates/openmls-sqlite-storage/src/signature_key_pairs.rs;crates/openmls-sqlite-storage/src/storage_provider.rs;crates/openmls-sqlite-storage/src/vc_secrets.rs;crates/openmls-sqlite-storage/src/wrappers.rs;crates/openmls-sqlite-storage/tests/proposals.rs;crates/openmls-sqlite-storage/tests/vc_operation_tree.rs;design/assets/.gitkeep;design/icons/.gitkeep;design/scripts/.gitkeep;design/tokens/.gitkeep;docs/PLAN.md;docs/README.md;docs/REQUIREMENTS.md;docs/TECH_STACK.md;docs/TODO.md;docs/UI_UX.md;docs/architecture.md;docs/decisions/ADR-005-ble-exp0-profile.md;docs/decisions/DECISIONS.md;docs/development-pki.md;docs/features/README.md;docs/features/cli.md;docs/features/desktop.md;docs/features/files.md;docs/features/identity.md;docs/features/messaging.md;docs/features/mobile.md;docs/features/networking.md;docs/features/spaces.md;docs/features/voice.md;docs/features/web.md;docs/ops/DEPLOYMENT.md;docs/protocol/PROTOCOL.md;docs/quality/COMMIT_FEATURE_MAP.csv;docs/quality/FEATURE_LEDGER.md;docs/quality/HISTORY_INDEX.csv;docs/quality/TEST_PLAN.md;docs/security/SECURITY_MODEL.md;docs/spec.md;docs/spec2.md;docs/verification/EVIDENCE_INDEX.md;docs/verification/FEATURE_LEDGER.json;docs/verification/FEATURE_LEDGER.md;docs/verification/INTEROP_MATRIX.md;docs/verification/KNOWN_BLOCKERS.md;docs/verification/PHYSICAL_ANDROID_ACCEPTANCE.md;docs/verification/RELEASE_READINESS.md;docs/verification/RESTART_MATRIX.md;docs/verification/SECURITY_NEGATIVE_MATRIX.md;docs/verification/TRANSPORT_MATRIX.md;fuzz/.gitignore;fuzz/Cargo.lock;fuzz/Cargo.toml;fuzz/fuzz_targets/attachment_manifest.rs;fuzz/fuzz_targets/canonical.rs;fuzz/fuzz_targets/identity_bundle.rs;fuzz/fuzz_targets/nostr_event.rs;fuzz/fuzz_targets/relay_envelope.rs;fuzz/fuzz_targets/signed_event.rs;fuzz/fuzz_targets/sync_plan.rs;package.json;packages/protocol-inspector/src/index.test.ts;packages/protocol-inspector/src/index.ts;protocol/schemas/.gitkeep;protocol/specs/.gitkeep;protocol/specs/00-overview.md;protocol/specs/05-events.md;protocol/specs/06-spaces.md;protocol/specs/07-permissions.md;protocol/specs/09-envelope.md;protocol/specs/10-ble.md;protocol/vectors/.gitkeep;protocol/vectors/ble-exp0.json;protocol/vectors/canonical-cbor.json;protocol/vectors/space-welcome-bootstrap-v1.json;skills-lock.json;tooling/dev-pki/Issue-DeviceCertificate.ps1;tooling/dev-pki/New-DevelopmentCa.ps1;tooling/dev-pki/Set-DevelopmentCaTrust.ps1;tooling/fuzz/.gitkeep;tooling/mesh-simulator/.gitkeep;transports/.gitkeep,PENDING-AUDIT,
4464eebbb0f1b9109105f02e2e37135790079c6c,Merge pull request #2 from Astraive/dependabot/github_actions/gradle/actions-6,build-repository-maintenance,,.github/workflows/ci.yml,PENDING-AUDIT,
aa122835a8a561d8cdb333ffe9cb650bb7052f89,build(deps): bump actions/checkout from 5 to 7,build-repository-maintenance,,.github/workflows/ci.yml,PENDING-AUDIT,
3ac8266e1dbaa32a1301bdcab48bb6a42c3a6938,Merge branch 'main' into dependabot/github_actions/actions/checkout-7,build-repository-maintenance,CLI;DSK;FIL;IDN;IDN-004;IDN-008;LAT-001;LAT-002;LAT-003;LAT-004;LAT-005;LAT-006;LAT-007;LAT-008;LAT-009;LAT-010;LAT-011;LAT-013;LAT-016;LAT-018;MOB;NET;SPC;WEB,.github/markdownlint-ci.jsonc;.github/workflows/ci.yml;.gitignore;Cargo.lock;Cargo.toml;apps/android/app/src/main/AndroidManifest.xml;apps/android/app/src/main/kotlin/com/astraive/lattice/AndroidMobileProfile.kt;apps/android/app/src/main/kotlin/com/astraive/lattice/AuthorizedMessageNotificationPolicy.kt;apps/android/app/src/main/kotlin/com/astraive/lattice/BleExp0Advertisement.kt;apps/android/app/src/main/kotlin/com/astraive/lattice/BleExp0CentralSession.kt;apps/android/app/src/main/kotlin/com/astraive/lattice/BleExp0EnvelopeTransport.kt;apps/android/app/src/main/kotlin/com/astraive/lattice/BleExp0GattIo.kt;apps/android/app/src/main/kotlin/com/astraive/lattice/BleExp0OutboxPump.kt;apps/android/app/src/main/kotlin/com/astraive/lattice/BleExp0PeripheralSession.kt;apps/android/app/src/main/kotlin/com/astraive/lattice/BleExp0SessionCoordinator.kt;apps/android/app/src/main/kotlin/com/astraive/lattice/BleExp0SightingCache.kt;apps/android/app/src/main/kotlin/com/astraive/lattice/BleExp0TransferProtocol.kt;apps/android/app/src/main/kotlin/com/astraive/lattice/BleFrameCodec.kt;apps/android/app/src/main/kotlin/com/astraive/lattice/BleGattAdapters.kt;apps/android/app/src/main/kotlin/com/astraive/lattice/DiscoveryPermissionState.kt;apps/android/app/src/main/kotlin/com/astraive/lattice/MainActivity.kt;apps/android/app/src/main/kotlin/com/astraive/lattice/NearbyBleAdvertiser.kt;apps/android/app/src/main/kotlin/com/astraive/lattice/NearbyServiceScanner.kt;apps/android/app/src/main/kotlin/com/astraive/lattice/PersistentNearbyService.kt;apps/android/app/src/main/kotlin/com/astraive/lattice/SpaceMessageComposer.kt;apps/android/app/src/main/kotlin/uniffi/lattice_uniffi/lattice_uniffi.kt;apps/android/app/src/test/kotlin/com/astraive/lattice/AuthorizedMessageNotificationPolicyTest.kt;apps/android/app/src/test/kotlin/com/astraive/lattice/BleExp0AdvertisementTest.kt;apps/android/app/src/test/kotlin/com/astraive/lattice/BleExp0GattIoTest.kt;apps/android/app/src/test/kotlin/com/astraive/lattice/BleExp0SightingCacheTest.kt;apps/android/app/src/test/kotlin/com/astraive/lattice/BleExp0TransferProtocolTest.kt;apps/android/app/src/test/kotlin/com/astraive/lattice/BleFrameCodecTest.kt;apps/android/app/src/test/kotlin/com/astraive/lattice/BleGattPermissionPolicyTest.kt;apps/android/app/src/test/kotlin/com/astraive/lattice/CoreProjectionSubscriptionHubTest.kt;apps/cli/Cargo.toml;apps/cli/src/main.rs;apps/cli/src/sync.rs;apps/cli/src/web_sync.rs;apps/desktop/src-tauri/Cargo.toml;apps/desktop/src-tauri/src/attachments.rs;apps/desktop/src-tauri/src/lib.rs;apps/desktop/src-tauri/src/local_network.rs;apps/desktop/src-tauri/src/peer_mode.rs;apps/desktop/src-tauri/src/profile.rs;apps/desktop/src-tauri/src/spaces.rs;apps/desktop/src-tauri/src/sync.rs;apps/desktop/src/App.tsx;apps/desktop/src/features/network/LocalNetworkSettings.tsx;apps/desktop/src/features/network/PersistentPeerMode.tsx;apps/desktop/src/features/spaces/LocalSpaceBrowser.tsx;apps/desktop/src/features/spaces/LocalSyncPanel.tsx;apps/web/index.html;apps/web/package.json;apps/web/src/App.tsx;apps/web/src/app-utils.ts;apps/web/src/app.css;apps/web/src/cli-loopback-link.ts;apps/web/src/identity.ts;apps/web/src/main.tsx;apps/web/src/profile-key-vault.ts;apps/web/src/profile.worker.ts;apps/web/src/webrtc-event-link.ts;apps/web/src/worker-client.ts;apps/web/test/identity.test.ts;apps/web/tsconfig.json;apps/web/vite.config.ts;biome.json;bun.lock;crates/lattice-core/Cargo.toml;crates/lattice-core/src/lib.rs;crates/lattice-core/src/space.rs;crates/lattice-core/src/space_bootstrap.rs;crates/lattice-events/src/lib.rs;crates/lattice-files/Cargo.toml;crates/lattice-files/src/lib.rs;crates/lattice-identity/Cargo.toml;crates/lattice-identity/src/lib.rs;crates/lattice-mls/Cargo.toml;crates/lattice-mls/src/api.rs;crates/lattice-node/src/sync/attachment_transfer.rs;crates/lattice-protocol/src/lib.rs;crates/lattice-storage/Cargo.toml;crates/lattice-storage/src/lib.rs;crates/lattice-uniffi/Cargo.toml;crates/lattice-uniffi/src/ble_exp0.rs;crates/lattice-uniffi/src/lib.rs;crates/lattice-uniffi/src/mobile_client.rs;crates/lattice-web-wasm/Cargo.toml;crates/lattice-web-wasm/src/lib.rs;crates/openmls-sqlite-storage/.cargo_vcs_info.json;crates/openmls-sqlite-storage/CHANGELOG.md;crates/openmls-sqlite-storage/Cargo.toml;crates/openmls-sqlite-storage/Cargo.toml.orig;crates/openmls-sqlite-storage/README.md;crates/openmls-sqlite-storage/migrations/V1__initial.sql;crates/openmls-sqlite-storage/migrations/V2__constraint_addition.sql;crates/openmls-sqlite-storage/migrations/V3__virtual_clients.sql;crates/openmls-sqlite-storage/migrations/V4__vc_emulation_bindings.sql;crates/openmls-sqlite-storage/migrations/V5__vc_operation_secrets.sql;crates/openmls-sqlite-storage/migrations/V6__registered_vc_emulation_epoch.sql;crates/openmls-sqlite-storage/src/codec.rs;crates/openmls-sqlite-storage/src/encryption_key_pairs.rs;crates/openmls-sqlite-storage/src/epoch_key_pairs.rs;crates/openmls-sqlite-storage/src/group_data.rs;crates/openmls-sqlite-storage/src/key_packages.rs;crates/openmls-sqlite-storage/src/lib.rs;crates/openmls-sqlite-storage/src/own_leaf_nodes.rs;crates/openmls-sqlite-storage/src/proposals.rs;crates/openmls-sqlite-storage/src/psks.rs;crates/openmls-sqlite-storage/src/signature_key_pairs.rs;crates/openmls-sqlite-storage/src/storage_provider.rs;crates/openmls-sqlite-storage/src/vc_secrets.rs;crates/openmls-sqlite-storage/src/wrappers.rs;crates/openmls-sqlite-storage/tests/proposals.rs;crates/openmls-sqlite-storage/tests/vc_operation_tree.rs;design/assets/.gitkeep;design/icons/.gitkeep;design/scripts/.gitkeep;design/tokens/.gitkeep;docs/PLAN.md;docs/REQUIREMENTS.md;docs/TECH_STACK.md;docs/architecture.md;docs/decisions/ADR-005-ble-exp0-profile.md;docs/decisions/DECISIONS.md;docs/development-pki.md;docs/features/README.md;docs/features/cli.md;docs/features/desktop.md;docs/features/files.md;docs/features/mobile.md;docs/features/networking.md;docs/features/web.md;docs/protocol/PROTOCOL.md;docs/quality/COMMIT_FEATURE_MAP.csv;docs/quality/FEATURE_LEDGER.md;docs/quality/HISTORY_INDEX.csv;docs/quality/TEST_PLAN.md;docs/spec.md;docs/verification/EVIDENCE_INDEX.md;docs/verification/FEATURE_LEDGER.json;docs/verification/FEATURE_LEDGER.md;docs/verification/INTEROP_MATRIX.md;docs/verification/KNOWN_BLOCKERS.md;docs/verification/PHYSICAL_ANDROID_ACCEPTANCE.md;docs/verification/RELEASE_READINESS.md;docs/verification/RESTART_MATRIX.md;docs/verification/SECURITY_NEGATIVE_MATRIX.md;docs/verification/TRANSPORT_MATRIX.md;fuzz/Cargo.lock;fuzz/Cargo.toml;fuzz/fuzz_targets/sync_plan.rs;package.json;packages/protocol-inspector/src/index.test.ts;packages/protocol-inspector/src/index.ts;protocol/schemas/.gitkeep;protocol/specs/.gitkeep;protocol/specs/00-overview.md;protocol/specs/05-events.md;protocol/specs/10-ble.md;protocol/vectors/.gitkeep;protocol/vectors/ble-exp0.json;protocol/vectors/canonical-cbor.json;skills-lock.json;tooling/dev-pki/Issue-DeviceCertificate.ps1;tooling/dev-pki/New-DevelopmentCa.ps1;tooling/dev-pki/Set-DevelopmentCaTrust.ps1;tooling/fuzz/.gitkeep;tooling/mesh-simulator/.gitkeep;transports/.gitkeep,PENDING-AUDIT,
0b524479045ce71e1a0373518e3cb90e88fc4352,Merge pull request #3 from Astraive/dependabot/github_actions/actions/checkout-7,build-repository-maintenance,,.github/workflows/ci.yml,PENDING-AUDIT,
ba7630fe7c43875c9e357b3bbbc1906d7a9bbe4c,build(deps): bump android-actions/setup-android from 3 to 4,build-repository-maintenance,,.github/workflows/ci.yml,PENDING-AUDIT,
dca1a5ec067f5106d90bf9deb550d680ef955e47,Merge branch 'main' into dependabot/github_actions/android-actions/setup-android-4,build-repository-maintenance,,,PENDING-AUDIT,
3a0c4ff9b9d2c067cceaeecbe670da408ec79fe7,Merge pull request #4 from Astraive/dependabot/github_actions/android-actions/setup-android-4,build-repository-maintenance,,.github/workflows/ci.yml,PENDING-AUDIT,
31b75aca9fe77c9ed54ec5b8b86dcd7c5db979ba,build(deps): bump actions/setup-java from 5 to 6,build-repository-maintenance,,.github/workflows/ci.yml,PENDING-AUDIT,
8debfeb08f18a6cdbe8b2bba97c319160af6a3bd,Merge branch 'main' into dependabot/github_actions/actions/setup-java-6,build-repository-maintenance,CLI;DSK;FIL;IDN;IDN-004;IDN-008;LAT-001;LAT-002;LAT-003;LAT-004;LAT-005;LAT-006;LAT-007;LAT-008;LAT-009;LAT-010;LAT-011;LAT-013;LAT-016;LAT-017;LAT-018;MOB;NET;NET-009;NET-010;NET-011;NET-013;SPC;VOC;WEB,.github/markdownlint-ci.jsonc;.github/workflows/ci.yml;.gitignore;Cargo.lock;Cargo.toml;apps/android/app/build.gradle.kts;apps/android/app/src/main/AndroidManifest.xml;apps/android/app/src/main/kotlin/com/astraive/lattice/AndroidMobileProfile.kt;apps/android/app/src/main/kotlin/com/astraive/lattice/AndroidPrivateKeyProtector.kt;apps/android/app/src/main/kotlin/com/astraive/lattice/AndroidWifiCapabilityProbe.kt;apps/android/app/src/main/kotlin/com/astraive/lattice/AuthorizedMessageNotificationPolicy.kt;apps/android/app/src/main/kotlin/com/astraive/lattice/BleExp0Advertisement.kt;apps/android/app/src/main/kotlin/com/astraive/lattice/BleExp0CentralSession.kt;apps/android/app/src/main/kotlin/com/astraive/lattice/BleExp0EnvelopeTransport.kt;apps/android/app/src/main/kotlin/com/astraive/lattice/BleExp0GattIo.kt;apps/android/app/src/main/kotlin/com/astraive/lattice/BleExp0OutboxPump.kt;apps/android/app/src/main/kotlin/com/astraive/lattice/BleExp0PeripheralSession.kt;apps/android/app/src/main/kotlin/com/astraive/lattice/BleExp0SessionCoordinator.kt;apps/android/app/src/main/kotlin/com/astraive/lattice/BleExp0SightingCache.kt;apps/android/app/src/main/kotlin/com/astraive/lattice/BleExp0TransferProtocol.kt;apps/android/app/src/main/kotlin/com/astraive/lattice/BleFrameCodec.kt;apps/android/app/src/main/kotlin/com/astraive/lattice/BleGattAdapters.kt;apps/android/app/src/main/kotlin/com/astraive/lattice/DiscoveryPermissionState.kt;apps/android/app/src/main/kotlin/com/astraive/lattice/MainActivity.kt;apps/android/app/src/main/kotlin/com/astraive/lattice/NearbyBleAdvertiser.kt;apps/android/app/src/main/kotlin/com/astraive/lattice/NearbyServiceScanner.kt;apps/android/app/src/main/kotlin/com/astraive/lattice/PersistentNearbyService.kt;apps/android/app/src/main/kotlin/com/astraive/lattice/SpaceCreationCard.kt;apps/android/app/src/main/kotlin/com/astraive/lattice/SpaceMessageComposer.kt;apps/android/app/src/main/kotlin/com/astraive/lattice/identity/IdentityPinCard.kt;apps/android/app/src/main/kotlin/uniffi/lattice_uniffi/lattice_uniffi.kt;apps/android/app/src/test/kotlin/com/astraive/lattice/AndroidPrivateKeyProtectorTest.kt;apps/android/app/src/test/kotlin/com/astraive/lattice/AndroidWifiCapabilityProbeTest.kt;apps/android/app/src/test/kotlin/com/astraive/lattice/AuthorizedMessageNotificationPolicyTest.kt;apps/android/app/src/test/kotlin/com/astraive/lattice/BleExp0AdvertisementTest.kt;apps/android/app/src/test/kotlin/com/astraive/lattice/BleExp0GattIoTest.kt;apps/android/app/src/test/kotlin/com/astraive/lattice/BleExp0SightingCacheTest.kt;apps/android/app/src/test/kotlin/com/astraive/lattice/BleExp0TransferProtocolTest.kt;apps/android/app/src/test/kotlin/com/astraive/lattice/BleFrameCodecTest.kt;apps/android/app/src/test/kotlin/com/astraive/lattice/BleGattPermissionPolicyTest.kt;apps/android/app/src/test/kotlin/com/astraive/lattice/CoreProjectionSubscriptionHubTest.kt;apps/android/app/src/test/kotlin/com/astraive/lattice/DiscoveryPermissionStateTest.kt;apps/android/app/src/test/kotlin/com/astraive/lattice/IdentityPinHexTest.kt;apps/android/app/src/test/kotlin/com/astraive/lattice/MlsGroupReferenceVectorTest.kt;apps/android/app/src/test/kotlin/com/astraive/lattice/PersistentNearbyPermissionPolicyTest.kt;apps/android/app/src/test/kotlin/com/astraive/lattice/SpaceCreationInputTest.kt;apps/cli/Cargo.toml;apps/cli/src/doctor.rs;apps/cli/src/identity.rs;apps/cli/src/main.rs;apps/cli/src/node.rs;apps/cli/src/peer.rs;apps/cli/src/relay.rs;apps/cli/src/space.rs;apps/cli/src/sync.rs;apps/cli/src/web_sync.rs;apps/cli/tests/json_output.rs;apps/desktop/package.json;apps/desktop/src-tauri/Cargo.toml;apps/desktop/src-tauri/src/attachments.rs;apps/desktop/src-tauri/src/encoding.rs;apps/desktop/src-tauri/src/identity.rs;apps/desktop/src-tauri/src/lib.rs;apps/desktop/src-tauri/src/local_network.rs;apps/desktop/src-tauri/src/peer_mode.rs;apps/desktop/src-tauri/src/profile.rs;apps/desktop/src-tauri/src/relay_settings.rs;apps/desktop/src-tauri/src/spaces.rs;apps/desktop/src-tauri/src/sync.rs;apps/desktop/src-tauri/tauri.conf.json;apps/desktop/src/App.css;apps/desktop/src/App.tsx;apps/desktop/src/features/identity/PeerIdentityPinPanel.tsx;apps/desktop/src/features/network/LocalNetworkSettings.tsx;apps/desktop/src/features/network/PersistentPeerMode.tsx;apps/desktop/src/features/spaces/LocalSpaceBrowser.tsx;apps/desktop/src/features/spaces/LocalSpaceCreator.tsx;apps/desktop/src/features/spaces/LocalSyncPanel.tsx;apps/web/index.html;apps/web/package.json;apps/web/src/App.tsx;apps/web/src/app-utils.ts;apps/web/src/app.css;apps/web/src/cli-loopback-link.ts;apps/web/src/identity.ts;apps/web/src/main.tsx;apps/web/src/profile-key-vault.ts;apps/web/src/profile.worker.ts;apps/web/src/webrtc-event-link.ts;apps/web/src/worker-client.ts;apps/web/test/identity.test.ts;apps/web/tsconfig.json;apps/web/vite.config.ts;biome.json;bun.lock;crates/lattice-core/Cargo.toml;crates/lattice-core/src/bootstrap_snapshot.rs;crates/lattice-core/src/identity_pin.rs;crates/lattice-core/src/lib.rs;crates/lattice-core/src/space.rs;crates/lattice-core/src/space/ephemeral.rs;crates/lattice-core/src/space/message_projection.rs;crates/lattice-core/src/space/rich_text.rs;crates/lattice-core/src/space_bootstrap.rs;crates/lattice-core/src/space_invite.rs;crates/lattice-crypto/Cargo.toml;crates/lattice-crypto/src/lib.rs;crates/lattice-events/Cargo.toml;crates/lattice-events/src/lib.rs;crates/lattice-files/Cargo.toml;crates/lattice-files/src/lib.rs;crates/lattice-files/src/staging.rs;crates/lattice-identity/Cargo.toml;crates/lattice-identity/src/lib.rs;crates/lattice-identity/src/pinned_identity.rs;crates/lattice-mesh/src/lib.rs;crates/lattice-mls/Cargo.toml;crates/lattice-mls/src/api.rs;crates/lattice-mls/src/lib.rs;crates/lattice-mls/src/storage.rs;crates/lattice-node/Cargo.toml;crates/lattice-node/src/courier.rs;crates/lattice-node/src/lib.rs;crates/lattice-node/src/path_health.rs;crates/lattice-node/src/relay.rs;crates/lattice-node/src/sync.rs;crates/lattice-node/src/sync/attachment_transfer.rs;crates/lattice-node/src/sync/direct_session.rs;crates/lattice-node/src/sync/store_source.rs;crates/lattice-node/tests/courier_transfer.rs;crates/lattice-platform/Cargo.toml;crates/lattice-platform/src/lib.rs;crates/lattice-protocol/Cargo.toml;crates/lattice-protocol/src/lib.rs;crates/lattice-protocol/src/path_upgrade.rs;crates/lattice-relay/Cargo.toml;crates/lattice-relay/src/lib.rs;crates/lattice-relay/src/network.rs;crates/lattice-relay/src/nip01.rs;crates/lattice-relay/src/nip11.rs;crates/lattice-relay/src/profile.rs;crates/lattice-relay/src/settings.rs;crates/lattice-router/Cargo.toml;crates/lattice-router/src/lib.rs;crates/lattice-storage/Cargo.toml;crates/lattice-storage/src/courier_queue.rs;crates/lattice-storage/src/lib.rs;crates/lattice-storage/src/trusted_identities.rs;crates/lattice-sync/src/lib.rs;crates/lattice-testkit/src/lib.rs;crates/lattice-transport/Cargo.toml;crates/lattice-transport/src/lib.rs;crates/lattice-transport/src/tcp_peer.rs;crates/lattice-uniffi/Cargo.toml;crates/lattice-uniffi/src/bin/uniffi-bindgen.rs;crates/lattice-uniffi/src/ble_exp0.rs;crates/lattice-uniffi/src/identity.rs;crates/lattice-uniffi/src/lib.rs;crates/lattice-uniffi/src/mobile_client.rs;crates/lattice-uniffi/uniffi.toml;crates/lattice-voice/Cargo.toml;crates/lattice-voice/src/lib.rs;crates/lattice-web-wasm/Cargo.toml;crates/lattice-web-wasm/src/lib.rs;crates/openmls-sqlite-storage/.cargo_vcs_info.json;crates/openmls-sqlite-storage/CHANGELOG.md;crates/openmls-sqlite-storage/Cargo.toml;crates/openmls-sqlite-storage/Cargo.toml.orig;crates/openmls-sqlite-storage/README.md;crates/openmls-sqlite-storage/migrations/V1__initial.sql;crates/openmls-sqlite-storage/migrations/V2__constraint_addition.sql;crates/openmls-sqlite-storage/migrations/V3__virtual_clients.sql;crates/openmls-sqlite-storage/migrations/V4__vc_emulation_bindings.sql;crates/openmls-sqlite-storage/migrations/V5__vc_operation_secrets.sql;crates/openmls-sqlite-storage/migrations/V6__registered_vc_emulation_epoch.sql;crates/openmls-sqlite-storage/src/codec.rs;crates/openmls-sqlite-storage/src/encryption_key_pairs.rs;crates/openmls-sqlite-storage/src/epoch_key_pairs.rs;crates/openmls-sqlite-storage/src/group_data.rs;crates/openmls-sqlite-storage/src/key_packages.rs;crates/openmls-sqlite-storage/src/lib.rs;crates/openmls-sqlite-storage/src/own_leaf_nodes.rs;crates/openmls-sqlite-storage/src/proposals.rs;crates/openmls-sqlite-storage/src/psks.rs;crates/openmls-sqlite-storage/src/signature_key_pairs.rs;crates/openmls-sqlite-storage/src/storage_provider.rs;crates/openmls-sqlite-storage/src/vc_secrets.rs;crates/openmls-sqlite-storage/src/wrappers.rs;crates/openmls-sqlite-storage/tests/proposals.rs;crates/openmls-sqlite-storage/tests/vc_operation_tree.rs;design/assets/.gitkeep;design/icons/.gitkeep;design/scripts/.gitkeep;design/tokens/.gitkeep;docs/PLAN.md;docs/README.md;docs/REQUIREMENTS.md;docs/TECH_STACK.md;docs/TODO.md;docs/UI_UX.md;docs/architecture.md;docs/data/DATA_MODEL.md;docs/decisions/ADR-001-membership-commit-conflicts.md;docs/decisions/ADR-002-channel-read-semantics.md;docs/decisions/ADR-003-nostr-envelope-relay-profile.md;docs/decisions/ADR-005-ble-exp0-profile.md;docs/decisions/DECISIONS.md;docs/development-pki.md;docs/features/README.md;docs/features/cli.md;docs/features/desktop.md;docs/features/files.md;docs/features/identity.md;docs/features/messaging.md;docs/features/mobile.md;docs/features/networking.md;docs/features/spaces.md;docs/features/voice.md;docs/features/web.md;docs/ops/DEPLOYMENT.md;docs/protocol/PROTOCOL.md;docs/quality/COMMIT_FEATURE_MAP.csv;docs/quality/FEATURE_LEDGER.md;docs/quality/HISTORY_INDEX.csv;docs/quality/TEST_PLAN.md;docs/security/SECURITY_MODEL.md;docs/spec.md;docs/spec2.md;docs/verification/EVIDENCE_INDEX.md;docs/verification/FEATURE_LEDGER.json;docs/verification/FEATURE_LEDGER.md;docs/verification/INTEROP_MATRIX.md;docs/verification/KNOWN_BLOCKERS.md;docs/verification/PHYSICAL_ANDROID_ACCEPTANCE.md;docs/verification/RELEASE_READINESS.md;docs/verification/RESTART_MATRIX.md;docs/verification/SECURITY_NEGATIVE_MATRIX.md;docs/verification/TRANSPORT_MATRIX.md;fuzz/.gitignore;fuzz/Cargo.lock;fuzz/Cargo.toml;fuzz/fuzz_targets/attachment_manifest.rs;fuzz/fuzz_targets/canonical.rs;fuzz/fuzz_targets/identity_bundle.rs;fuzz/fuzz_targets/nostr_event.rs;fuzz/fuzz_targets/relay_envelope.rs;fuzz/fuzz_targets/signed_event.rs;fuzz/fuzz_targets/sync_plan.rs;package.json;packages/desktop-ui/src/components.tsx;packages/desktop-ui/src/index.ts;packages/desktop-ui/test/components.test.tsx;packages/desktop-ui/tsconfig.json;packages/protocol-inspector/package.json;packages/protocol-inspector/src/index.test.ts;packages/protocol-inspector/src/index.ts;packages/protocol-inspector/tsconfig.json;packages/theme/package.json;packages/theme/src/index.test.ts;packages/theme/src/index.ts;packages/theme/tsconfig.json;protocol/schemas/.gitkeep;protocol/specs/.gitkeep;protocol/specs/00-overview.md;protocol/specs/02-encoding.md;protocol/specs/03-identity.md;protocol/specs/05-events.md;protocol/specs/06-spaces.md;protocol/specs/07-permissions.md;protocol/specs/08-mls.md;protocol/specs/09-envelope.md;protocol/specs/10-ble.md;protocol/specs/13-relay.md;protocol/vectors/.gitkeep;protocol/vectors/ble-exp0.json;protocol/vectors/canonical-cbor.json;protocol/vectors/identity-bundle.json;protocol/vectors/mls-group-reference.txt;protocol/vectors/space-welcome-bootstrap-v1.json;skills-lock.json;tooling/dev-pki/Issue-DeviceCertificate.ps1;tooling/dev-pki/New-DevelopmentCa.ps1;tooling/dev-pki/Set-DevelopmentCaTrust.ps1;tooling/fuzz/.gitkeep;tooling/mesh-simulator/.gitkeep;transports/.gitkeep,PENDING-AUDIT,
c2311b081e833dcba341fcbcdb2136529478f1a1,Merge pull request #5 from Astraive/dependabot/github_actions/actions/setup-java-6,build-repository-maintenance,,.github/workflows/ci.yml,PENDING-AUDIT,
a604d67d164ae598f6c96deee1452e480ca5190f,ci(android): upload validation artifacts,build-repository-maintenance,,.github/workflows/ci.yml,PENDING-AUDIT,
14bd2297956c251c0f3780ba57b59862ea61c53a,Merge pull request #44 from Astraive/fix/ast34-android-artifacts,build-repository-maintenance,,.github/workflows/ci.yml,PENDING-AUDIT,
9b53997b6a2a77412c4f9097d95a910bdf102f98,Correct BLE peer ingress receipt semantics,android-and-mobile;cli-and-node;desktop;protocol-events-vectors;requirements-and-architecture;spaces-and-mls;storage-outbox-courier,CLI;DSK;IDN-004;IDN-008;LAT-001;LAT-002;LAT-003;LAT-004;LAT-005;LAT-006;LAT-007;LAT-008;LAT-009;LAT-010;LAT-011;LAT-013;LAT-016;LAT-018;MOB;NET;SPC,apps/android/app/src/main/kotlin/com/astraive/lattice/AndroidMobileProfile.kt;apps/android/app/src/main/kotlin/com/astraive/lattice/BleExp0EnvelopeTransport.kt;apps/android/app/src/main/kotlin/com/astraive/lattice/BleExp0OutboxPump.kt;apps/android/app/src/main/kotlin/com/astraive/lattice/BleExp0SessionCoordinator.kt;apps/android/app/src/main/kotlin/com/astraive/lattice/MainActivity.kt;apps/android/app/src/main/kotlin/com/astraive/lattice/SpaceMessageComposer.kt;apps/android/app/src/main/kotlin/uniffi/lattice_uniffi/lattice_uniffi.kt;apps/android/app/src/test/kotlin/com/astraive/lattice/BleExp0EnvelopeTransportTest.kt;apps/cli/src/space.rs;apps/cli/src/sync.rs;apps/desktop/src-tauri/src/spaces.rs;apps/desktop/src/features/spaces/LocalSpaceBrowser.tsx;crates/lattice-core/src/lib.rs;crates/lattice-node/src/relay.rs;crates/lattice-storage/src/lib.rs;crates/lattice-uniffi/src/lib.rs;crates/lattice-uniffi/src/mobile_client.rs;docs/data/DATA_MODEL.md;docs/features/messaging.md;protocol/specs/10-ble.md,PENDING-AUDIT,
231715e4a23e2b8dcd62204d7417fd36961d4594,Add bounded Core projection observers,android-and-mobile,LAT-001;LAT-008;LAT-009;LAT-010;LAT-013;LAT-016;MOB,apps/android/app/src/main/kotlin/com/astraive/lattice/AndroidMobileProfile.kt;apps/android/app/src/main/kotlin/com/astraive/lattice/MainActivity.kt;apps/android/app/src/main/kotlin/uniffi/lattice_uniffi/lattice_uniffi.kt;apps/android/app/src/test/kotlin/com/astraive/lattice/CoreProjectionSubscriptionHubTest.kt;apps/android/app/src/test/kotlin/com/astraive/lattice/CoreProjectionSubscriptionRegistryTest.kt;crates/lattice-uniffi/src/lib.rs;crates/lattice-uniffi/src/mobile_client.rs,PENDING-AUDIT,
8476c9ed3d4b531e9f213681f7c76d4a2aae3a9d,Enable offline Android Space invitations and ingress status,android-and-mobile;requirements-and-architecture,LAT-001;LAT-008;LAT-009;LAT-010;LAT-013;LAT-016;MOB,apps/android/app/src/main/kotlin/com/astraive/lattice/AndroidMobileProfile.kt;apps/android/app/src/main/kotlin/com/astraive/lattice/BleExp0CentralSession.kt;apps/android/app/src/main/kotlin/com/astraive/lattice/BleExp0EnvelopeTransport.kt;apps/android/app/src/main/kotlin/com/astraive/lattice/BleExp0PeripheralSession.kt;apps/android/app/src/main/kotlin/com/astraive/lattice/BleExp0SessionCoordinator.kt;apps/android/app/src/main/kotlin/com/astraive/lattice/MainActivity.kt;apps/android/app/src/main/kotlin/com/astraive/lattice/SpaceCreationCard.kt;apps/android/app/src/main/kotlin/com/astraive/lattice/SpaceMessageComposer.kt;apps/android/app/src/main/kotlin/uniffi/lattice_uniffi/lattice_uniffi.kt;apps/android/app/src/test/kotlin/com/astraive/lattice/BleExp0EnvelopeTransportTest.kt;crates/lattice-uniffi/src/lib.rs;crates/lattice-uniffi/src/mobile_client.rs;docs/README.md;docs/features/mobile.md;docs/quality/TEST_PLAN.md;docs/verification/PHYSICAL_ANDROID_ACCEPTANCE.md,PENDING-AUDIT,
307c2ecc4ad31eeb37cf8543e1ed113e376ee685,Add bounded Desktop WebRTC message exchange,desktop;requirements-and-architecture,DSK;LAT-002;LAT-004,apps/desktop/src-tauri/src/lib.rs;apps/desktop/src-tauri/src/sync.rs;apps/desktop/src/features/spaces/DesktopWebRtcEventPanel.tsx;apps/desktop/src/features/spaces/LocalSpaceBrowser.tsx;crates/lattice-uniffi/src/lib.rs;docs/architecture.md;docs/features/desktop.md;docs/features/web.md;docs/verification/INTEROP_MATRIX.md;docs/verification/KNOWN_BLOCKERS.md;docs/verification/TRANSPORT_MATRIX.md,PENDING-AUDIT,
50a562c49212f682a13d12ca8df4cf9195818128,test(android): cover BLE transport failure receipts,android-and-mobile;sync-routing-transport,LAT-001;LAT-002;LAT-005;LAT-007;LAT-008;LAT-009;LAT-010;LAT-011;LAT-013;LAT-016;MOB;NET,apps/android/app/src/test/kotlin/com/astraive/lattice/BleExp0EnvelopeTransportTest.kt,PENDING-AUDIT,
37ccb05e4bf327a1d6849dc2a942dd85e937a15c,fix(android): coalesce projection refresh callbacks,android-and-mobile,LAT-001;LAT-008;LAT-009;LAT-010;LAT-013;LAT-016;MOB,apps/android/app/src/main/kotlin/com/astraive/lattice/AndroidMobileProfile.kt;apps/android/app/src/main/kotlin/com/astraive/lattice/MainActivity.kt;apps/android/app/src/test/kotlin/com/astraive/lattice/CoreProjectionSubscriptionRegistryTest.kt,PENDING-AUDIT,
9567dbe85d955dffba49480b60c3103f402b949e,feat(desktop): expose threaded message mutations,desktop,DSK;LAT-002;LAT-004,apps/desktop/src-tauri/src/lib.rs;apps/desktop/src-tauri/src/spaces.rs;apps/desktop/src/features/spaces/LocalSpaceBrowser.tsx,PENDING-AUDIT,
bcb0285ccae139d681691cb387b82bb8bf706a4c,feat(android): expose threaded message mutations,android-and-mobile,LAT-001;LAT-008;LAT-009;LAT-010;LAT-013;LAT-016;MOB,apps/android/app/src/main/kotlin/com/astraive/lattice/AndroidMobileProfile.kt;apps/android/app/src/main/kotlin/com/astraive/lattice/MainActivity.kt;apps/android/app/src/main/kotlin/com/astraive/lattice/SpaceMessageComposer.kt;apps/android/app/src/main/kotlin/uniffi/lattice_uniffi/lattice_uniffi.kt;crates/lattice-uniffi/src/mobile_client.rs,PENDING-AUDIT,
02cb9afe740968bd73ab90a2f5b913f0afb1c855,test(fuzz): add hostile-boundary targets,tests-and-fuzzing,LAT-006;LAT-007;LAT-018,fuzz/Cargo.lock;fuzz/Cargo.toml;fuzz/fuzz_targets/ble_noise_ingress.rs;fuzz/fuzz_targets/mls_credential.rs;fuzz/fuzz_targets/nip11.rs;fuzz/fuzz_targets/path_upgrade.rs;fuzz/fuzz_targets/space_invite_bootstrap.rs;fuzz/fuzz_targets/sync_plan.rs;fuzz/fuzz_targets/voice_signaling_sequence.rs,PENDING-AUDIT,
2a36f6c1b6c262c6fd38d1e79db008df159a02bc,fix(desktop): pin development roots per profile,desktop;requirements-and-architecture,DSK;LAT-002;LAT-004,apps/desktop/src-tauri/src/profile.rs;apps/desktop/src-tauri/src/spaces.rs;apps/desktop/src/features/spaces/LocalSpaceBrowser.tsx;docs/development-pki.md,PENDING-AUDIT,
6cfc85386b1ef6e23344152baa4b16948cd92051,docs(interop): record Desktop Web acceptance blocker,requirements-and-architecture,,docs/verification/KNOWN_BLOCKERS.md,PENDING-AUDIT,
b90ac4cf7bcd6e23fcb5cee9722b1a63a92dafcd,chore(android): set up mobile app module,android-and-mobile,LAT-001;LAT-008;LAT-009;LAT-010;LAT-013;LAT-016;MOB,Cargo.lock;apps/android/app/build.gradle.kts;apps/android/app/src/main/AndroidManifest.xml,PENDING-AUDIT,
5435d3a2570d07f9f757ea927e5e83660d36abb3,feat(android): add mobile profile and BLE transport,android-and-mobile;sync-routing-transport,LAT-001;LAT-002;LAT-005;LAT-007;LAT-008;LAT-009;LAT-010;LAT-011;LAT-013;LAT-016;MOB;NET,apps/android/app/src/main/kotlin/com/astraive/lattice/AndroidMobileProfile.kt;apps/android/app/src/main/kotlin/com/astraive/lattice/BleExp0EnvelopeTransport.kt;apps/android/app/src/main/kotlin/com/astraive/lattice/BleExp0OutboxPump.kt,PENDING-AUDIT,
164e6300248d72b73bf7893b52828526cd30a9b7,feat(android): add space navigation and composer,android-and-mobile,LAT-001;LAT-008;LAT-009;LAT-010;LAT-013;LAT-016;MOB,apps/android/app/src/main/kotlin/com/astraive/lattice/MainActivity.kt;apps/android/app/src/main/kotlin/com/astraive/lattice/SpaceCreationCard.kt;apps/android/app/src/main/kotlin/com/astraive/lattice/SpaceMessageComposer.kt,PENDING-AUDIT,
961f8fb9e68b92af7a8a1d75f98e5d0f164bdb65,feat(identity): expose Android identity PIN state,android-and-mobile,LAT-001;LAT-008;LAT-009;LAT-010;LAT-013;LAT-016;MOB,apps/android/app/src/main/kotlin/com/astraive/lattice/identity/IdentityPinCard.kt;apps/android/app/src/main/kotlin/uniffi/lattice_uniffi/lattice_uniffi.kt,PENDING-AUDIT,
f2c189619a5ca228766daa160d136ec1394a155e,test(android): cover BLE envelope and wire Gradle modules,android-and-mobile;protocol-events-vectors,LAT-001;LAT-002;LAT-003;LAT-006;LAT-008;LAT-009;LAT-010;LAT-011;LAT-013;LAT-016;LAT-018;MOB,apps/android/app/src/test/kotlin/com/astraive/lattice/BleExp0EnvelopeTransportTest.kt;apps/android/build.gradle.kts;apps/android/settings.gradle.kts,PENDING-AUDIT,
a524df643def3d9b20972676bb7b9c7335d73890,feat(cli): add relay and messaging workflows,cli-and-node;sync-routing-transport,CLI;LAT-002;LAT-004;LAT-005;LAT-007;LAT-011;NET,apps/cli/src/main.rs;apps/cli/src/relay.rs,PENDING-AUDIT,
5cf082090c8540c53952bdba23979ed14d15ec92,chore(desktop): configure Tauri application shell,desktop,DSK;LAT-002;LAT-004,apps/desktop/index.html;apps/desktop/package.json;apps/desktop/src-tauri/Cargo.toml,PENDING-AUDIT,
b9bf9185108ecb8be37007a4d960cada18b39133,feat(desktop): add attachment and identity backend,desktop,DSK;LAT-002;LAT-004,apps/desktop/src-tauri/src/attachments.rs;apps/desktop/src-tauri/src/identity.rs;apps/desktop/src-tauri/src/lib.rs,PENDING-AUDIT,
3e84c5bd155662bc8a55dc95975f7d938e83255c,feat(desktop): add peer mode and sync backend,desktop;sync-routing-transport,DSK;LAT-002;LAT-004;LAT-005;LAT-007;LAT-011;NET,apps/desktop/src-tauri/src/peer_mode.rs;apps/desktop/src-tauri/src/sync.rs;apps/desktop/src-tauri/tauri.conf.json,PENDING-AUDIT,
e033932d929823c0391a5b728af69ffeec961ac6,feat(desktop): build application shell,desktop,DSK;LAT-002;LAT-004,apps/desktop/src/App.css;apps/desktop/src/App.tsx,PENDING-AUDIT,
c284f36ce07beec9eb15f5d98d0a467472ada73e,feat(desktop): add identity and network settings,desktop,DSK;LAT-002;LAT-004,apps/desktop/src/features/identity/PeerIdentityPinPanel.tsx;apps/desktop/src/features/network/LocalNetworkSettings.tsx;apps/desktop/src/features/network/PersistentPeerMode.tsx,PENDING-AUDIT,
b6b1b3e09b37cf81dd3cf9ac814fea5d11ae391c,feat(desktop): add local space browser surfaces,desktop,DSK;LAT-002;LAT-004,apps/desktop/src/features/spaces/DesktopWebRtcEventPanel.tsx;apps/desktop/src/features/spaces/LocalSpaceBrowser.tsx,PENDING-AUDIT,
5f3162091eb9c2e73ca8a658b6e9c060d1adb824,feat(desktop): add local space creation and sync panels,desktop;sync-routing-transport,DSK;LAT-002;LAT-004;LAT-005;LAT-007;LAT-011;NET,apps/desktop/src/features/spaces/LocalSpaceCreator.tsx;apps/desktop/src/features/spaces/LocalSyncPanel.tsx,PENDING-AUDIT,
442e57ec5552e4e564f83b74f7a1916d618b54b6,chore(desktop): wire entry point and Vite build,desktop;protocol-events-vectors,DSK;LAT-002;LAT-003;LAT-004;LAT-006;LAT-011;LAT-018,apps/desktop/src/main.tsx;apps/desktop/vite.config.ts,PENDING-AUDIT,
1ac39a1553b2ebdfad8e07c673c2f2fcc9122107,chore(web): configure application package,web-and-browser,LAT-002;LAT-004;WEB,apps/web/index.html;apps/web/package.json,PENDING-AUDIT,
6e0a46707bd7e44f2431dc9687381fff7c955f0a,feat(web): add application shell and base styles,web-and-browser,LAT-002;LAT-004;WEB,apps/web/src/App.tsx;apps/web/src/app.css;apps/web/src/main.tsx,PENDING-AUDIT,
a4d04c56726dc1fda21a60986ab0bfa02f0d276a,chore(web): configure build and workspace lockfile,web-and-browser,LAT-002;LAT-004;WEB,apps/web/vite.config.ts;bun.lock,PENDING-AUDIT,
b69a90159b46568bc1962801575b55bd085917b4,feat(core): establish lattice core crate API,spaces-and-mls,IDN-004;IDN-008;LAT-003;LAT-007;SPC,crates/lattice-core/Cargo.toml;crates/lattice-core/src/lib.rs,PENDING-AUDIT,
be095be7aa5850cce5132f6e16bc73c60462ed64,feat(core): add space model and event surface,protocol-events-vectors;spaces-and-mls,IDN-004;IDN-008;LAT-002;LAT-003;LAT-006;LAT-007;LAT-011;LAT-018;SPC,crates/lattice-core/src/space.rs;crates/lattice-events/src/lib.rs,PENDING-AUDIT,
9f255a176e2985801be9ac64a06ff1221ea69ba8,feat(node): add courier transfer runtime,cli-and-node;sync-routing-transport,CLI;LAT-002;LAT-004;LAT-005;LAT-007;LAT-011;NET,crates/lattice-node/Cargo.toml;crates/lattice-node/src/courier.rs,PENDING-AUDIT,
393d7485b562efa48bbc4e84db4390bfb0ecdad7,feat(node): add relay-backed synchronization,cli-and-node;sync-routing-transport,CLI;LAT-002;LAT-004;LAT-005;LAT-007;LAT-011;NET,crates/lattice-node/src/relay.rs;crates/lattice-node/src/sync.rs,PENDING-AUDIT,
715f80572213f41512f162fdb9e939bee24e94d4,feat(node): add direct sessions and courier coverage,cli-and-node;sync-routing-transport,CLI;LAT-002;LAT-004;LAT-005;LAT-007;LAT-011;NET,crates/lattice-node/src/sync/direct_session.rs;crates/lattice-node/tests/courier_transfer.rs,PENDING-AUDIT,
448ae80ac5a9998be122ed982f57747a7ec11f09,feat(relay): establish relay crate API,relay;sync-routing-transport,LAT-002;LAT-005;LAT-007;LAT-011;NET;NET-009;NET-010;NET-011;NET-013,crates/lattice-relay/Cargo.toml;crates/lattice-relay/src/lib.rs,PENDING-AUDIT,
3509aebf30998ee1f0ddcd6faac196f8e372bf2c,feat(relay): add profile support and storage foundation,relay;storage-outbox-courier;sync-routing-transport,LAT-002;LAT-004;LAT-005;LAT-006;LAT-007;LAT-011;NET;NET-009;NET-010;NET-011;NET-013,crates/lattice-relay/src/profile.rs;crates/lattice-storage/src/lib.rs,PENDING-AUDIT,
c0db483fb402da44f6d02815b9b8f0b9c46b0cbb,feat(uniffi): expose BLE and mobile client APIs,build-repository-maintenance,,crates/lattice-uniffi/Cargo.toml;crates/lattice-uniffi/src/ble_exp0.rs;crates/lattice-uniffi/src/lib.rs;crates/lattice-uniffi/src/mobile_client.rs,PENDING-AUDIT,
ea52ab38471dd0eac186d45de466e526f2a00f56,docs: describe UX and system architecture,requirements-and-architecture,,docs/UI_UX.md;docs/architecture.md,PENDING-AUDIT,
23e2939c534d63d3cb75d5ab3437d3498e1e4fde,"docs: document CLI, desktop, and file workflows",requirements-and-architecture,,docs/features/cli.md;docs/features/desktop.md;docs/features/files.md,PENDING-AUDIT,
caba4892d1b86d893e3cd79cda890d42814f378a,"docs: document attachments, messaging, and mobile",requirements-and-architecture,,docs/features/messaging.md;docs/features/mobile.md;docs/features/networking.md,PENDING-AUDIT,
c0c80f744befdf84bb31fbe4eb2056b16e0c9fa5,"docs: document web, networking, and feature ledgers",requirements-and-architecture,,docs/features/web.md;docs/quality/COMMIT_FEATURE_MAP.csv;docs/quality/FEATURE_LEDGER.md;docs/quality/HISTORY_INDEX.csv,PENDING-AUDIT,
24533cb5578b9034a9a536d8c64bb02510d3507a,docs: add test plan and verification evidence ledgers,requirements-and-architecture,,docs/quality/TEST_PLAN.md;docs/verification/EVIDENCE_INDEX.md;docs/verification/FEATURE_LEDGER.json,PENDING-AUDIT,
1d7959fad9a7bf1d4d2c99494211f2e11c11fde2,"docs: add ledger, interoperability, and blocker records",requirements-and-architecture,,docs/verification/FEATURE_LEDGER.md;docs/verification/INTEROP_MATRIX.md;docs/verification/KNOWN_BLOCKERS.md,PENDING-AUDIT,
d96e2d85c2d242aaf751b4c0f61dc7e1966f355d,docs: record Android acceptance and release readiness,requirements-and-architecture,,docs/verification/PHYSICAL_ANDROID_ACCEPTANCE.md;docs/verification/RELEASE_READINESS.md,PENDING-AUDIT,
11ccf0effaef81f70662b2e127aa9e01cf926518,"docs: add restart, security, and transport matrices",identity-trust-pki;requirements-and-architecture;sync-routing-transport,IDN;LAT-002;LAT-005;LAT-007;LAT-009;LAT-011;NET,docs/verification/RESTART_MATRIX.md;docs/verification/SECURITY_NEGATIVE_MATRIX.md;docs/verification/TRANSPORT_MATRIX.md,PENDING-AUDIT,
c383ecd3a44509757d357837376109a0b05179f6,chore: configure workspace package metadata,build-repository-maintenance,,package.json;packages/desktop-ui/package.json,PENDING-AUDIT,
390c1104b4c4da489ff84a9e36adaeb4245faab7,feat(desktop-ui): add shared desktop component package,build-repository-maintenance,,packages/desktop-ui/src/components.tsx;packages/desktop-ui/src/index.ts;packages/desktop-ui/test/components.test.tsx;packages/desktop-ui/tsconfig.json,PENDING-AUDIT,
6788a32970a6d88b64c9b8a5c3d1c185548db6d7,feat(theme): add theme package and tests,build-repository-maintenance,,packages/theme/src/index.test.ts;packages/theme/src/index.ts,PENDING-AUDIT,
68e632dbb3cda3b097dc2df762ecfb02f5deab66,"docs(protocol): specify events, spaces, envelopes, and relay",protocol-events-vectors;sync-routing-transport,LAT-002;LAT-003;LAT-005;LAT-006;LAT-007;LAT-011;LAT-018;NET,protocol/specs/05-events.md;protocol/specs/06-spaces.md;protocol/specs/09-envelope.md;protocol/specs/13-relay.md,PENDING-AUDIT,
7aadb8a8642dab2097dcd1e793de877340993293,chore: refresh skill dependency lock,build-repository-maintenance,,skills-lock.json,PENDING-AUDIT,
85c74e980c0f037b66e9c342b3cac320db36686d,test(android): cover workspace navigation,android-and-mobile,LAT-001;LAT-008;LAT-009;LAT-010;LAT-013;LAT-016;MOB,apps/android/app/src/androidTest/kotlin/com/astraive/lattice/WorkspaceNavigationTest.kt,PENDING-AUDIT,
ae6dc0bfcaf3e2904ef87a95cd2ebc1a0262a87a,feat(android): add attachment and direct-message cards,android-and-mobile,LAT-001;LAT-008;LAT-009;LAT-010;LAT-013;LAT-016;MOB,apps/android/app/src/main/kotlin/com/astraive/lattice/AttachmentTransferCard.kt;apps/android/app/src/main/kotlin/com/astraive/lattice/DirectMessageCard.kt,PENDING-AUDIT,
041fa845096a72124a4ba2df7726747ec371fedf,feat(android): add adaptive and HDPI launcher assets,android-and-mobile,LAT-001;LAT-008;LAT-009;LAT-010;LAT-013;LAT-016;MOB,apps/android/app/src/main/res/mipmap-anydpi-v26/ic_launcher.xml;apps/android/app/src/main/res/mipmap-hdpi/ic_launcher.png;apps/android/app/src/main/res/mipmap-hdpi/ic_launcher_foreground.png;apps/android/app/src/main/res/mipmap-hdpi/ic_launcher_round.png,PENDING-AUDIT,
e6a883eb2c64e7969b8000b754bf1d8acc0d6947,feat(android): add MDPI and XHDPI launcher assets,android-and-mobile,LAT-001;LAT-008;LAT-009;LAT-010;LAT-013;LAT-016;MOB,apps/android/app/src/main/res/mipmap-mdpi/ic_launcher.png;apps/android/app/src/main/res/mipmap-mdpi/ic_launcher_foreground.png;apps/android/app/src/main/res/mipmap-mdpi/ic_launcher_round.png;apps/android/app/src/main/res/mipmap-xhdpi/ic_launcher.png;apps/android/app/src/main/res/mipmap-xhdpi/ic_launcher_foreground.png;apps/android/app/src/main/res/mipmap-xhdpi/ic_launcher_round.png,PENDING-AUDIT,
91ea690575ec2f1b4605c2939ba7a1bad639bd7a,feat(android): add high-density launcher asset variants,android-and-mobile,LAT-001;LAT-008;LAT-009;LAT-010;LAT-013;LAT-016;MOB,apps/android/app/src/main/res/mipmap-xxhdpi/ic_launcher.png;apps/android/app/src/main/res/mipmap-xxhdpi/ic_launcher_foreground.png;apps/android/app/src/main/res/mipmap-xxhdpi/ic_launcher_round.png;apps/android/app/src/main/res/mipmap-xxxhdpi/ic_launcher.png;apps/android/app/src/main/res/mipmap-xxxhdpi/ic_launcher_foreground.png;apps/android/app/src/main/res/mipmap-xxxhdpi/ic_launcher_round.png;apps/android/app/src/main/res/values/ic_launcher_background.xml,PENDING-AUDIT,
1219afdd3c35cc6bc8619961ec52c3c96c176bd7,feat(desktop): add direct-message backend and panel,desktop,DSK;LAT-002;LAT-004,apps/desktop/src-tauri/src/direct_messages.rs;apps/desktop/src/features/identity/DirectMessagePanel.tsx;apps/desktop/test/DirectMessagePanel.test.ts,PENDING-AUDIT,
0c6a24d100e6b6bede88f80101254c0645a0ef23,feat(web): scope message history by workspace,web-and-browser,LAT-002;LAT-004;WEB,apps/web/src/history-scope.ts,PENDING-AUDIT,
8e518abd516a9b6f5771ff3587640b9b7d79716c,test(web): cover message history and workspace,web-and-browser,LAT-002;LAT-004;WEB,apps/web/test/history-scope.test.ts;apps/web/test/workspace.test.tsx,PENDING-AUDIT,
6d969c166532b59aee0b6e74f198d61b3caf5bdd,chore(branding): add generated desktop logo sizes,build-repository-maintenance,,assets/logo/generated/128x128.png;assets/logo/generated/128x128@2x.png;assets/logo/generated/32x32.png;assets/logo/generated/64x64.png;assets/logo/generated/Square107x107Logo.png,PENDING-AUDIT,
038e0bf05ddccecf9acbf0952390c08c1e161bde,chore(branding): add generated Windows tile assets,build-repository-maintenance,,assets/logo/generated/Square142x142Logo.png;assets/logo/generated/Square150x150Logo.png;assets/logo/generated/Square284x284Logo.png;assets/logo/generated/Square30x30Logo.png;assets/logo/generated/Square310x310Logo.png,PENDING-AUDIT,
2259299ed9b73c2d72bffe93ef9496b8d3a8c4f3,chore(branding): add generated store logo assets,build-repository-maintenance,,assets/logo/generated/Square44x44Logo.png;assets/logo/generated/Square71x71Logo.png;assets/logo/generated/Square89x89Logo.png;assets/logo/generated/StoreLogo.png,PENDING-AUDIT,
b07461de10f6eef8c74c3f18a1b500876d36db32,chore(android): add adaptive and medium-density launcher icons,build-repository-maintenance,,assets/logo/generated/android/mipmap-anydpi-v26/ic_launcher.xml;assets/logo/generated/android/mipmap-hdpi/ic_launcher.png;assets/logo/generated/android/mipmap-hdpi/ic_launcher_foreground.png;assets/logo/generated/android/mipmap-hdpi/ic_launcher_round.png;assets/logo/generated/android/mipmap-mdpi/ic_launcher.png;assets/logo/generated/android/mipmap-mdpi/ic_launcher_foreground.png;assets/logo/generated/android/mipmap-mdpi/ic_launcher_round.png;assets/logo/generated/android/mipmap-xhdpi/ic_launcher.png;assets/logo/generated/android/mipmap-xhdpi/ic_launcher_foreground.png,PENDING-AUDIT,
3f6723b8726339b07cd4860e384c9b3f7b0f858f,chore(android): add high-density launcher icon variants,build-repository-maintenance,,assets/logo/generated/android/mipmap-xhdpi/ic_launcher_round.png;assets/logo/generated/android/mipmap-xxhdpi/ic_launcher.png;assets/logo/generated/android/mipmap-xxhdpi/ic_launcher_foreground.png;assets/logo/generated/android/mipmap-xxhdpi/ic_launcher_round.png;assets/logo/generated/android/mipmap-xxxhdpi/ic_launcher.png;assets/logo/generated/android/mipmap-xxxhdpi/ic_launcher_foreground.png;assets/logo/generated/android/mipmap-xxxhdpi/ic_launcher_round.png;assets/logo/generated/android/values/ic_launcher_background.xml,PENDING-AUDIT,
cf019d0100620e924c5eb95c178ba4da11d28a03,chore(desktop): add generated app icon formats,build-repository-maintenance,,assets/logo/generated/icon.icns;assets/logo/generated/icon.ico;assets/logo/generated/icon.png,PENDING-AUDIT,
1944ca84476fc6bfe2b3044afb03526697afd61f,chore(ios): add small app icon variants,build-repository-maintenance,,assets/logo/generated/ios/AppIcon-20x20@1x.png;assets/logo/generated/ios/AppIcon-20x20@2x-1.png;assets/logo/generated/ios/AppIcon-20x20@2x.png;assets/logo/generated/ios/AppIcon-20x20@3x.png;assets/logo/generated/ios/AppIcon-29x29@1x.png;assets/logo/generated/ios/AppIcon-29x29@2x-1.png,PENDING-AUDIT,
c47d6153abdc91e02c0e5cdc0549a28042657f78,chore(ios): add medium app icon variants,build-repository-maintenance,,assets/logo/generated/ios/AppIcon-29x29@2x.png;assets/logo/generated/ios/AppIcon-29x29@3x.png;assets/logo/generated/ios/AppIcon-40x40@1x.png;assets/logo/generated/ios/AppIcon-40x40@2x-1.png;assets/logo/generated/ios/AppIcon-40x40@2x.png;assets/logo/generated/ios/AppIcon-40x40@3x.png,PENDING-AUDIT,
23fe7f34dc636a971106ed2e68324da47e7ced11,chore(ios): add large app icon variants,build-repository-maintenance,,assets/logo/generated/ios/AppIcon-512@2x.png;assets/logo/generated/ios/AppIcon-60x60@2x.png;assets/logo/generated/ios/AppIcon-60x60@3x.png;assets/logo/generated/ios/AppIcon-76x76@1x.png;assets/logo/generated/ios/AppIcon-76x76@2x.png;assets/logo/generated/ios/AppIcon-83.5x83.5@2x.png,PENDING-AUDIT,
8d727ca6f551f0232785af6c80203ad3b3c0d923,chore(branding): add source logos and Tauri metadata,build-repository-maintenance,,assets/logo/lattice-logo.svg;assets/logo/lattice-mark.svg;assets/logo/tauri-icon.json,PENDING-AUDIT,
33de95aa3f30cce5fab45e5efe2d86f5fb80b8a3,feat(core): add direct messaging model,spaces-and-mls,IDN-004;IDN-008;LAT-003;LAT-007;SPC,crates/lattice-core/src/direct_message.rs,PENDING-AUDIT,
9d41e4499b67171b5b4e432ae561e5421f33ea32,docs(design): add desktop workflow references,build-repository-maintenance,,design/references/lattice-connections-desktop.png;design/references/lattice-direct-message-conversation.png;design/references/lattice-direct-messages-overview.png;design/references/lattice-identity-desktop.png;design/references/lattice-spaces-desktop.png,PENDING-AUDIT,
f6d155adc728be394e86109e320c4cc195312801,feat(android-ui): add brand and identity components,build-repository-maintenance,,packages/ui/android/build.gradle.kts;packages/ui/android/src/main/kotlin/com/astraive/lattice/ui/brand/LatticeBrandMark.kt;packages/ui/android/src/main/kotlin/com/astraive/lattice/ui/identity/LatticeIdentityPage.kt,PENDING-AUDIT,
f6b7fc62bd9f5ca89c72e0bde6ce6d076626be54,feat(android-ui): add direct-message layouts,build-repository-maintenance,,packages/ui/android/src/main/kotlin/com/astraive/lattice/ui/messaging/LatticeDirectMessageLayout.kt;packages/ui/android/src/main/kotlin/com/astraive/lattice/ui/messaging/LatticeDirectMessagesPage.kt,PENDING-AUDIT,
61c706414550b210d3cf5f6fc72cad614e7111fa,feat(android-ui): add nearby page and action controls,build-repository-maintenance,,packages/ui/android/src/main/kotlin/com/astraive/lattice/ui/nearby/LatticeNearbyPage.kt;packages/ui/android/src/main/kotlin/com/astraive/lattice/ui/shared/LatticeActionButton.kt;packages/ui/android/src/main/kotlin/com/astraive/lattice/ui/shared/LatticeDialogs.kt,PENDING-AUDIT,
e7c21579bb65b78749130f26565491dcf3701a02,"feat(android-ui): add forms, surfaces, and feedback",build-repository-maintenance,,packages/ui/android/src/main/kotlin/com/astraive/lattice/ui/shared/LatticeFeedback.kt;packages/ui/android/src/main/kotlin/com/astraive/lattice/ui/shared/LatticeFormField.kt;packages/ui/android/src/main/kotlin/com/astraive/lattice/ui/shared/LatticeSurface.kt,PENDING-AUDIT,
c264279daa3420d15349c6e0c6e82f08fc6106a1,feat(android-ui): add spaces page and theme,build-repository-maintenance,,packages/ui/android/src/main/kotlin/com/astraive/lattice/ui/spaces/LatticeSpacesPage.kt;packages/ui/android/src/main/kotlin/com/astraive/lattice/ui/theme/LatticeTheme.kt,PENDING-AUDIT,
85ec031c88df9b2a6ec6dec6c5d09199ee2efcd0,feat(android-ui): add workspace destination scaffold,build-repository-maintenance,,packages/ui/android/src/main/kotlin/com/astraive/lattice/ui/workspace/LatticeDestinationPage.kt;packages/ui/android/src/main/kotlin/com/astraive/lattice/ui/workspace/LatticeWorkspaceScaffold.kt,PENDING-AUDIT,
6584f06295701bf65750c135d2e10281d141b885,chore(android-ui): add brand and common drawable assets,build-repository-maintenance,,packages/ui/android/src/main/res/drawable-nodpi/lattice_mark.png;packages/ui/android/src/main/res/drawable/phosphor_bluetooth.xml;packages/ui/android/src/main/res/drawable/phosphor_chat_circle_text.xml,PENDING-AUDIT,
e235bf9fe6bcfa9ea868bf68465065859350ec0f,chore(android-ui): add feature drawable assets,build-repository-maintenance,,packages/ui/android/src/main/res/drawable/phosphor_identification_badge.xml;packages/ui/android/src/main/res/drawable/phosphor_squares_four.xml,PENDING-AUDIT,
3460b955c3c6b7f96bf930cf74751077a78707db,feat(desktop-ui): add direct-message workspace,build-repository-maintenance,,packages/ui/desktop/package.json;packages/ui/desktop/src/direct-messages/ConversationList.tsx;packages/ui/desktop/src/direct-messages/DirectMessageWorkspace.tsx,PENDING-AUDIT,
49d6525f42f63719f88936f6960369772e4fc6c9,feat(desktop-ui): add pairing and thread panes,build-repository-maintenance,,packages/ui/desktop/src/direct-messages/PairingSetupPane.tsx;packages/ui/desktop/src/direct-messages/SelectedThread.tsx;packages/ui/desktop/src/direct-messages/SupplementaryDialogs.tsx,PENDING-AUDIT,
c7f1a7caecea93ec45362e7bdc9655ce264f5ba4,"feat(desktop-ui): wire types, page entry, and styles",build-repository-maintenance;protocol-events-vectors,LAT-002;LAT-003;LAT-006;LAT-011;LAT-018,packages/ui/desktop/src/direct-messages/types.ts;packages/ui/desktop/src/index.tsx;packages/ui/desktop/src/pages/DesktopPage.tsx;packages/ui/desktop/src/styles.css,PENDING-AUDIT,
1402a614f4574027a2ab3aed45919c75353c5de5,feat(desktop-ui): add workspace shell and coverage,build-repository-maintenance,,packages/ui/desktop/src/workspace/DesktopWorkspaceShell.tsx;packages/ui/desktop/test/direct-message.test.tsx,PENDING-AUDIT,
c80f6fadf95141874ba4fdb98601c64d46af3126,test(desktop-ui): cover shell and configure package,build-repository-maintenance,,packages/ui/desktop/test/shell.test.tsx;packages/ui/desktop/tsconfig.json,PENDING-AUDIT,
dae20d8a8138e109b519646a6fa9f652985cfc0a,feat(ui): add shared package and logo component,build-repository-maintenance,,packages/ui/shared/package.json;packages/ui/shared/src/brand/LatticeLogo.tsx,PENDING-AUDIT,
9a8068d0e69fe8a531ea421e4143e54364684d87,feat(ui): add brand marks and action controls,build-repository-maintenance,,packages/ui/shared/src/brand/LatticeMark.tsx;packages/ui/shared/src/buttons/ActionButton.tsx;packages/ui/shared/src/buttons/IconActionButton.tsx,PENDING-AUDIT,
16e5eed4943d55b93d2d157f05b67b94cc9287d9,feat(ui): add dialogs and delivery feedback,build-repository-maintenance,,packages/ui/shared/src/dialogs/ModalDialog.tsx;packages/ui/shared/src/feedback/DeliveryStatus.tsx;packages/ui/shared/src/feedback/EmptyState.tsx,PENDING-AUDIT,
fb34c3334df8e6f277a7cc5ca3509b082ad7785a,"feat(ui): add text, form, and status components",build-repository-maintenance,,packages/ui/shared/src/feedback/PlainText.tsx;packages/ui/shared/src/feedback/StatusNotice.tsx;packages/ui/shared/src/forms/FormField.tsx,PENDING-AUDIT,
67d3290086945de86e1ff4942387c36302cedc37,feat(ui): export shared layout and navigation,build-repository-maintenance,,packages/ui/shared/src/index.ts;packages/ui/shared/src/layout/PageHeading.tsx;packages/ui/shared/src/layout/Panel.tsx;packages/ui/shared/src/navigation/workspace.ts,PENDING-AUDIT,
3442d569e56f4873420ec0faf342174e3595d107,test(ui): cover shared components and styling,build-repository-maintenance,,packages/ui/shared/src/styles.css;packages/ui/shared/test/components.test.tsx;packages/ui/shared/tsconfig.json,PENDING-AUDIT,
b3d48b052adc9096c568b639f0cdfcabf61b00b5,feat(web-ui): configure package and connection entry,build-repository-maintenance,,packages/ui/web/package.json;packages/ui/web/src/application.css;packages/ui/web/src/connections/WebCliLoopbackControls.tsx,PENDING-AUDIT,
d50e9ad178c31296c976ecad2b2f24a9c36953e8,feat(web-ui): add connection disclosures and controls,build-repository-maintenance,,packages/ui/web/src/connections/WebConnectionDisclosure.tsx;packages/ui/web/src/connections/WebConnectionsPage.tsx;packages/ui/web/src/connections/WebWebRtcControls.tsx,PENDING-AUDIT,
54ad33bc97bb41d03f7cf793b6dee3908a35cae4,feat(web-ui): add identity and issuer enrollment,build-repository-maintenance,,packages/ui/web/src/identity/WebIdentityPage.tsx;packages/ui/web/src/identity/WebIdentitySummary.tsx;packages/ui/web/src/identity/WebIssuerEnrollment.tsx,PENDING-AUDIT,
b0ed424a22a14b8399e298dca874e1b81e38db6e,feat(web-ui): wire app entry and profile gate,build-repository-maintenance;protocol-events-vectors,LAT-002;LAT-003;LAT-006;LAT-011;LAT-018,packages/ui/web/src/index.tsx;packages/ui/web/src/profile/WebPageProps.tsx;packages/ui/web/src/profile/WebProfileGate.tsx,PENDING-AUDIT,
a90c8563a37f34a3d99a5410ed85f3877043e493,feat(web-ui): add profile setup flow,build-repository-maintenance,,packages/ui/web/src/profile/WebProfileSetupForm.tsx;packages/ui/web/src/profile/WebSetupPage.tsx,PENDING-AUDIT,
8ee4672b028d3edcb7a083bfdd5abceab73b253c,feat(web-ui): add message history and space management,build-repository-maintenance,,packages/ui/web/src/spaces/WebMessageHistory.tsx;packages/ui/web/src/spaces/WebSpaceManagement.tsx;packages/ui/web/src/spaces/WebSpacesPage.tsx,PENDING-AUDIT,
7c43f3cb1ff83371e2eeaca52e2ca86deb4c85ba,feat(web-ui): add styles and workspace surfaces,build-repository-maintenance,,packages/ui/web/src/styles.css;packages/ui/web/src/workspace/WebDestinationPage.tsx;packages/ui/web/src/workspace/WebWorkspaceShell.tsx,PENDING-AUDIT,
72bc9ef1767ba286177c006a010766d8e7ccceb6,test(web-ui): cover history and profile flows,build-repository-maintenance,,packages/ui/web/test/message-history.test.tsx;packages/ui/web/test/profile-gate.test.tsx;packages/ui/web/tsconfig.json,PENDING-AUDIT,
661e9bd5fcda1c77e47a1de2cd5be3ad9e839867,fix(ci): satisfy repository formatting checks,desktop,DSK;LAT-002;LAT-004,apps/desktop/src-tauri/src/attachments.rs;apps/desktop/src-tauri/src/identity.rs;apps/desktop/src-tauri/src/profile.rs;apps/desktop/src-tauri/src/spaces.rs;assets/logo/lattice-logo.svg;assets/logo/lattice-mark.svg,PENDING-AUDIT,
f02be60b96d166692971ad1c91ebfbb5865d7697,fix(ci): clear workspace lint failures,cli-and-node;desktop;protocol-events-vectors;relay;spaces-and-mls;storage-outbox-courier,CLI;DSK;IDN-004;IDN-008;LAT-002;LAT-003;LAT-004;LAT-005;LAT-006;LAT-007;LAT-011;LAT-018;NET;NET-009;NET-010;NET-011;NET-013;SPC,apps/cli/src/relay.rs;apps/desktop/src-tauri/src/attachments.rs;apps/desktop/src-tauri/src/direct_messages.rs;apps/desktop/src-tauri/src/identity.rs;apps/desktop/src-tauri/src/spaces.rs;crates/lattice-core/src/direct_message.rs;crates/lattice-core/src/lib.rs;crates/lattice-core/src/space.rs;crates/lattice-events/src/lib.rs;crates/lattice-node/src/courier.rs;crates/lattice-node/src/relay.rs;crates/lattice-node/src/sync/direct_session.rs;crates/lattice-relay/src/profile.rs;crates/lattice-storage/src/lib.rs;crates/lattice-uniffi/src/ble_exp0.rs;crates/lattice-uniffi/src/lib.rs;crates/lattice-uniffi/src/mobile_client.rs,PENDING-AUDIT,
5f4a117024a23e4f458f9404c08c01fbdf11bcf7,fix(mobile): tolerate delayed direct-message peers,build-repository-maintenance,,crates/lattice-uniffi/src/mobile_client.rs,PENDING-AUDIT,
891b83ebe774855831f9c6216c5a50126ae1f764,Merge branch 'rewrite/thematic' into rewrite/main,build-repository-maintenance,CLI;DSK;IDN-004;IDN-008;LAT-001;LAT-002;LAT-003;LAT-004;LAT-005;LAT-006;LAT-007;LAT-008;LAT-009;LAT-010;LAT-011;LAT-013;LAT-016;LAT-018;MOB;NET;NET-009;NET-010;NET-011;NET-013;SPC;WEB,Cargo.lock;apps/android/app/build.gradle.kts;apps/android/app/src/androidTest/kotlin/com/astraive/lattice/WorkspaceNavigationTest.kt;apps/android/app/src/main/AndroidManifest.xml;apps/android/app/src/main/kotlin/com/astraive/lattice/AndroidMobileProfile.kt;apps/android/app/src/main/kotlin/com/astraive/lattice/AttachmentTransferCard.kt;apps/android/app/src/main/kotlin/com/astraive/lattice/BleExp0CentralSession.kt;apps/android/app/src/main/kotlin/com/astraive/lattice/BleExp0EnvelopeTransport.kt;apps/android/app/src/main/kotlin/com/astraive/lattice/BleExp0OutboxPump.kt;apps/android/app/src/main/kotlin/com/astraive/lattice/BleExp0PeripheralSession.kt;apps/android/app/src/main/kotlin/com/astraive/lattice/BleExp0SessionCoordinator.kt;apps/android/app/src/main/kotlin/com/astraive/lattice/DirectMessageCard.kt;apps/android/app/src/main/kotlin/com/astraive/lattice/MainActivity.kt;apps/android/app/src/main/kotlin/com/astraive/lattice/SpaceCreationCard.kt;apps/android/app/src/main/kotlin/com/astraive/lattice/SpaceMessageComposer.kt;apps/android/app/src/main/kotlin/com/astraive/lattice/identity/IdentityPinCard.kt;apps/android/app/src/main/kotlin/uniffi/lattice_uniffi/lattice_uniffi.kt;apps/android/app/src/main/res/mipmap-anydpi-v26/ic_launcher.xml;apps/android/app/src/main/res/mipmap-hdpi/ic_launcher.png;apps/android/app/src/main/res/mipmap-hdpi/ic_launcher_foreground.png;apps/android/app/src/main/res/mipmap-hdpi/ic_launcher_round.png;apps/android/app/src/main/res/mipmap-mdpi/ic_launcher.png;apps/android/app/src/main/res/mipmap-mdpi/ic_launcher_foreground.png;apps/android/app/src/main/res/mipmap-mdpi/ic_launcher_round.png;apps/android/app/src/main/res/mipmap-xhdpi/ic_launcher.png;apps/android/app/src/main/res/mipmap-xhdpi/ic_launcher_foreground.png;apps/android/app/src/main/res/mipmap-xhdpi/ic_launcher_round.png;apps/android/app/src/main/res/mipmap-xxhdpi/ic_launcher.png;apps/android/app/src/main/res/mipmap-xxhdpi/ic_launcher_foreground.png;apps/android/app/src/main/res/mipmap-xxhdpi/ic_launcher_round.png;apps/android/app/src/main/res/mipmap-xxxhdpi/ic_launcher.png;apps/android/app/src/main/res/mipmap-xxxhdpi/ic_launcher_foreground.png;apps/android/app/src/main/res/mipmap-xxxhdpi/ic_launcher_round.png;apps/android/app/src/main/res/values/ic_launcher_background.xml;apps/android/app/src/test/kotlin/com/astraive/lattice/BleExp0EnvelopeTransportTest.kt;apps/android/app/src/test/kotlin/com/astraive/lattice/CoreProjectionSubscriptionHubTest.kt;apps/android/app/src/test/kotlin/com/astraive/lattice/CoreProjectionSubscriptionRegistryTest.kt;apps/android/build.gradle.kts;apps/android/settings.gradle.kts;apps/cli/src/main.rs;apps/cli/src/relay.rs;apps/cli/src/space.rs;apps/cli/src/sync.rs;apps/desktop/index.html;apps/desktop/package.json;apps/desktop/src-tauri/Cargo.toml;apps/desktop/src-tauri/src/attachments.rs;apps/desktop/src-tauri/src/direct_messages.rs;apps/desktop/src-tauri/src/identity.rs;apps/desktop/src-tauri/src/lib.rs;apps/desktop/src-tauri/src/peer_mode.rs;apps/desktop/src-tauri/src/profile.rs;apps/desktop/src-tauri/src/spaces.rs;apps/desktop/src-tauri/src/sync.rs;apps/desktop/src-tauri/tauri.conf.json;apps/desktop/src/App.css;apps/desktop/src/App.tsx;apps/desktop/src/features/identity/DirectMessagePanel.tsx;apps/desktop/src/features/identity/PeerIdentityPinPanel.tsx;apps/desktop/src/features/network/LocalNetworkSettings.tsx;apps/desktop/src/features/network/PersistentPeerMode.tsx;apps/desktop/src/features/spaces/DesktopWebRtcEventPanel.tsx;apps/desktop/src/features/spaces/LocalSpaceBrowser.tsx;apps/desktop/src/features/spaces/LocalSpaceCreator.tsx;apps/desktop/src/features/spaces/LocalSyncPanel.tsx;apps/desktop/src/main.tsx;apps/desktop/test/DirectMessagePanel.test.ts;apps/desktop/vite.config.ts;apps/web/index.html;apps/web/package.json;apps/web/src/App.tsx;apps/web/src/history-scope.ts;apps/web/src/main.tsx;apps/web/test/history-scope.test.ts;apps/web/test/workspace.test.tsx;apps/web/vite.config.ts;assets/logo/generated/128x128.png;assets/logo/generated/128x128@2x.png;assets/logo/generated/32x32.png;assets/logo/generated/64x64.png;assets/logo/generated/Square107x107Logo.png;assets/logo/generated/Square142x142Logo.png;assets/logo/generated/Square150x150Logo.png;assets/logo/generated/Square284x284Logo.png;assets/logo/generated/Square30x30Logo.png;assets/logo/generated/Square310x310Logo.png;assets/logo/generated/Square44x44Logo.png;assets/logo/generated/Square71x71Logo.png;assets/logo/generated/Square89x89Logo.png;assets/logo/generated/StoreLogo.png;assets/logo/generated/android/mipmap-anydpi-v26/ic_launcher.xml;assets/logo/generated/android/mipmap-hdpi/ic_launcher.png;assets/logo/generated/android/mipmap-hdpi/ic_launcher_foreground.png;assets/logo/generated/android/mipmap-hdpi/ic_launcher_round.png;assets/logo/generated/android/mipmap-mdpi/ic_launcher.png;assets/logo/generated/android/mipmap-mdpi/ic_launcher_foreground.png;assets/logo/generated/android/mipmap-mdpi/ic_launcher_round.png;assets/logo/generated/android/mipmap-xhdpi/ic_launcher.png;assets/logo/generated/android/mipmap-xhdpi/ic_launcher_foreground.png;assets/logo/generated/android/mipmap-xhdpi/ic_launcher_round.png;assets/logo/generated/android/mipmap-xxhdpi/ic_launcher.png;assets/logo/generated/android/mipmap-xxhdpi/ic_launcher_foreground.png;assets/logo/generated/android/mipmap-xxhdpi/ic_launcher_round.png;assets/logo/generated/android/mipmap-xxxhdpi/ic_launcher.png;assets/logo/generated/android/mipmap-xxxhdpi/ic_launcher_foreground.png;assets/logo/generated/android/mipmap-xxxhdpi/ic_launcher_round.png;assets/logo/generated/android/values/ic_launcher_background.xml;assets/logo/generated/icon.icns;assets/logo/generated/icon.ico;assets/logo/generated/icon.png;assets/logo/generated/ios/AppIcon-20x20@1x.png;assets/logo/generated/ios/AppIcon-20x20@2x-1.png;assets/logo/generated/ios/AppIcon-20x20@2x.png;assets/logo/generated/ios/AppIcon-20x20@3x.png;assets/logo/generated/ios/AppIcon-29x29@1x.png;assets/logo/generated/ios/AppIcon-29x29@2x-1.png;assets/logo/generated/ios/AppIcon-29x29@2x.png;assets/logo/generated/ios/AppIcon-29x29@3x.png;assets/logo/generated/ios/AppIcon-40x40@1x.png;assets/logo/generated/ios/AppIcon-40x40@2x-1.png;assets/logo/generated/ios/AppIcon-40x40@2x.png;assets/logo/generated/ios/AppIcon-40x40@3x.png;assets/logo/generated/ios/AppIcon-512@2x.png;assets/logo/generated/ios/AppIcon-60x60@2x.png;assets/logo/generated/ios/AppIcon-60x60@3x.png;assets/logo/generated/ios/AppIcon-76x76@1x.png;assets/logo/generated/ios/AppIcon-76x76@2x.png;assets/logo/generated/ios/AppIcon-83.5x83.5@2x.png;assets/logo/lattice-logo.svg;assets/logo/lattice-mark.svg;assets/logo/tauri-icon.json;bun.lock;crates/lattice-core/Cargo.toml;crates/lattice-core/src/direct_message.rs;crates/lattice-core/src/lib.rs;crates/lattice-core/src/space.rs;crates/lattice-events/src/lib.rs;crates/lattice-node/Cargo.toml;crates/lattice-node/src/courier.rs;crates/lattice-node/src/relay.rs;crates/lattice-node/src/sync.rs;crates/lattice-node/src/sync/direct_session.rs;crates/lattice-node/tests/courier_transfer.rs;crates/lattice-relay/Cargo.toml;crates/lattice-relay/src/lib.rs;crates/lattice-relay/src/profile.rs;crates/lattice-storage/src/lib.rs;crates/lattice-uniffi/Cargo.toml;crates/lattice-uniffi/src/ble_exp0.rs;crates/lattice-uniffi/src/lib.rs;crates/lattice-uniffi/src/mobile_client.rs;design/references/lattice-connections-desktop.png;design/references/lattice-direct-message-conversation.png;design/references/lattice-direct-messages-overview.png;design/references/lattice-identity-desktop.png;design/references/lattice-spaces-desktop.png;docs/README.md;docs/UI_UX.md;docs/architecture.md;docs/data/DATA_MODEL.md;docs/development-pki.md;docs/features/cli.md;docs/features/desktop.md;docs/features/files.md;docs/features/messaging.md;docs/features/mobile.md;docs/features/networking.md;docs/features/web.md;docs/quality/COMMIT_FEATURE_MAP.csv;docs/quality/FEATURE_LEDGER.md;docs/quality/HISTORY_INDEX.csv;docs/quality/TEST_PLAN.md;docs/verification/EVIDENCE_INDEX.md;docs/verification/FEATURE_LEDGER.json;docs/verification/FEATURE_LEDGER.md;docs/verification/INTEROP_MATRIX.md;docs/verification/KNOWN_BLOCKERS.md;docs/verification/PHYSICAL_ANDROID_ACCEPTANCE.md;docs/verification/RELEASE_READINESS.md;docs/verification/RESTART_MATRIX.md;docs/verification/SECURITY_NEGATIVE_MATRIX.md;docs/verification/TRANSPORT_MATRIX.md;fuzz/Cargo.lock;fuzz/Cargo.toml;fuzz/fuzz_targets/ble_noise_ingress.rs;fuzz/fuzz_targets/mls_credential.rs;fuzz/fuzz_targets/nip11.rs;fuzz/fuzz_targets/path_upgrade.rs;fuzz/fuzz_targets/space_invite_bootstrap.rs;fuzz/fuzz_targets/sync_plan.rs;fuzz/fuzz_targets/voice_signaling_sequence.rs;package.json;packages/desktop-ui/src/index.ts;packages/desktop-ui/test/components.test.tsx;packages/theme/src/index.test.ts;packages/theme/src/index.ts;packages/ui/android/build.gradle.kts;packages/ui/android/src/main/kotlin/com/astraive/lattice/ui/brand/LatticeBrandMark.kt;packages/ui/android/src/main/kotlin/com/astraive/lattice/ui/identity/LatticeIdentityPage.kt;packages/ui/android/src/main/kotlin/com/astraive/lattice/ui/messaging/LatticeDirectMessageLayout.kt;packages/ui/android/src/main/kotlin/com/astraive/lattice/ui/messaging/LatticeDirectMessagesPage.kt;packages/ui/android/src/main/kotlin/com/astraive/lattice/ui/nearby/LatticeNearbyPage.kt;packages/ui/android/src/main/kotlin/com/astraive/lattice/ui/shared/LatticeActionButton.kt;packages/ui/android/src/main/kotlin/com/astraive/lattice/ui/shared/LatticeDialogs.kt;packages/ui/android/src/main/kotlin/com/astraive/lattice/ui/shared/LatticeFeedback.kt;packages/ui/android/src/main/kotlin/com/astraive/lattice/ui/shared/LatticeFormField.kt;packages/ui/android/src/main/kotlin/com/astraive/lattice/ui/shared/LatticeSurface.kt;packages/ui/android/src/main/kotlin/com/astraive/lattice/ui/spaces/LatticeSpacesPage.kt;packages/ui/android/src/main/kotlin/com/astraive/lattice/ui/theme/LatticeTheme.kt;packages/ui/android/src/main/kotlin/com/astraive/lattice/ui/workspace/LatticeDestinationPage.kt;packages/ui/android/src/main/kotlin/com/astraive/lattice/ui/workspace/LatticeWorkspaceScaffold.kt;packages/ui/android/src/main/res/drawable-nodpi/lattice_mark.png;packages/ui/android/src/main/res/drawable/phosphor_bluetooth.xml;packages/ui/android/src/main/res/drawable/phosphor_chat_circle_text.xml;packages/ui/android/src/main/res/drawable/phosphor_identification_badge.xml;packages/ui/android/src/main/res/drawable/phosphor_squares_four.xml;packages/ui/desktop/package.json;packages/ui/desktop/src/direct-messages/ConversationList.tsx;packages/ui/desktop/src/direct-messages/DirectMessageWorkspace.tsx;packages/ui/desktop/src/direct-messages/PairingSetupPane.tsx;packages/ui/desktop/src/direct-messages/SelectedThread.tsx;packages/ui/desktop/src/direct-messages/SupplementaryDialogs.tsx;packages/ui/desktop/src/direct-messages/types.ts;packages/ui/desktop/src/index.tsx;packages/ui/desktop/src/pages/DesktopPage.tsx;packages/ui/desktop/src/styles.css;packages/ui/desktop/src/workspace/DesktopWorkspaceShell.tsx;packages/ui/desktop/test/direct-message.test.tsx;packages/ui/desktop/test/shell.test.tsx;packages/ui/desktop/tsconfig.json;packages/ui/shared/package.json;packages/ui/shared/src/brand/LatticeLogo.tsx;packages/ui/shared/src/brand/LatticeMark.tsx;packages/ui/shared/src/buttons/ActionButton.tsx;packages/ui/shared/src/buttons/IconActionButton.tsx;packages/ui/shared/src/dialogs/ModalDialog.tsx;packages/ui/shared/src/feedback/DeliveryStatus.tsx;packages/ui/shared/src/feedback/EmptyState.tsx;packages/ui/shared/src/feedback/PlainText.tsx;packages/ui/shared/src/feedback/StatusNotice.tsx;packages/ui/shared/src/forms/FormField.tsx;packages/ui/shared/src/index.ts;packages/ui/shared/src/layout/PageHeading.tsx;packages/ui/shared/src/layout/Panel.tsx;packages/ui/shared/src/navigation/workspace.ts;packages/ui/shared/src/styles.css;packages/ui/shared/test/components.test.tsx;packages/ui/shared/tsconfig.json;packages/ui/web/package.json;packages/ui/web/src/application.css;packages/ui/web/src/connections/WebCliLoopbackControls.tsx;packages/ui/web/src/connections/WebConnectionDisclosure.tsx;packages/ui/web/src/connections/WebConnectionsPage.tsx;packages/ui/web/src/connections/WebWebRtcControls.tsx;packages/ui/web/src/identity/WebIdentityPage.tsx;packages/ui/web/src/identity/WebIdentitySummary.tsx;packages/ui/web/src/identity/WebIssuerEnrollment.tsx;packages/ui/web/src/index.tsx;packages/ui/web/src/profile/WebPageProps.tsx;packages/ui/web/src/profile/WebProfileGate.tsx;packages/ui/web/src/profile/WebProfileSetupForm.tsx;packages/ui/web/src/profile/WebSetupPage.tsx;packages/ui/web/src/spaces/WebMessageHistory.tsx;packages/ui/web/src/spaces/WebSpaceManagement.tsx;packages/ui/web/src/spaces/WebSpacesPage.tsx;packages/ui/web/src/styles.css;packages/ui/web/src/workspace/WebDestinationPage.tsx;packages/ui/web/src/workspace/WebWorkspaceShell.tsx;packages/ui/web/test/message-history.test.tsx;packages/ui/web/test/profile-gate.test.tsx;packages/ui/web/tsconfig.json;protocol/specs/05-events.md;protocol/specs/06-spaces.md;protocol/specs/09-envelope.md;protocol/specs/10-ble.md;protocol/specs/13-relay.md;skills-lock.json,PENDING-AUDIT,
d30cd5da87336e71b9a45334f80c4974780f5f38,feat(pki): add Rust development issuer and pinned CLI trust,build-repository-maintenance;cli-and-node;identity-trust-pki;requirements-and-architecture;spaces-and-mls,CLI;IDN;IDN-004;IDN-008;LAT-003;LAT-004;LAT-007;LAT-009;NET;SPC,Cargo.lock;Cargo.toml;apps/cli/Cargo.toml;apps/cli/src/main.rs;apps/cli/src/node.rs;apps/cli/src/profile.rs;apps/cli/src/relay.rs;apps/cli/src/sync.rs;apps/cli/src/web_sync.rs;crates/lattice-dev-pki/Cargo.toml;crates/lattice-dev-pki/src/lib.rs;crates/lattice-dev-pki/src/main.rs;crates/lattice-mls/Cargo.toml;crates/lattice-mls/tests/development_pki.rs;docs/development-pki.md;docs/verification/EVIDENCE_INDEX.md;docs/verification/INTEROP_MATRIX.md;docs/verification/PHYSICAL_ANDROID_ACCEPTANCE.md;docs/verification/SECURITY_NEGATIVE_MATRIX.md;tooling/dev-pki/Issue-DeviceCertificate.ps1;tooling/dev-pki/New-DevelopmentCa.ps1;tooling/dev-pki/Set-DevelopmentCaTrust.ps1,PENDING-AUDIT,
819da815cf9332faf7f49980db0cd2a86eb01745,fix(cli): satisfy trust policy lint,cli-and-node;identity-trust-pki,CLI;IDN;LAT-004;LAT-009;NET,apps/cli/src/profile.rs,PENDING-AUDIT,
0d88fbfb28a72a6142d6922f02780e68630524ac,Merge pull request #59 from Astraive/feat/issue-7-dev-pki,build-repository-maintenance;cli-and-node;identity-trust-pki;requirements-and-architecture;spaces-and-mls,CLI;IDN;IDN-004;IDN-008;LAT-003;LAT-004;LAT-007;LAT-009;NET;SPC,Cargo.lock;Cargo.toml;apps/cli/Cargo.toml;apps/cli/src/main.rs;apps/cli/src/node.rs;apps/cli/src/profile.rs;apps/cli/src/relay.rs;apps/cli/src/sync.rs;apps/cli/src/web_sync.rs;crates/lattice-dev-pki/Cargo.toml;crates/lattice-dev-pki/src/lib.rs;crates/lattice-dev-pki/src/main.rs;crates/lattice-mls/Cargo.toml;crates/lattice-mls/tests/development_pki.rs;docs/development-pki.md;docs/verification/EVIDENCE_INDEX.md;docs/verification/INTEROP_MATRIX.md;docs/verification/PHYSICAL_ANDROID_ACCEPTANCE.md;docs/verification/SECURITY_NEGATIVE_MATRIX.md;tooling/dev-pki/Issue-DeviceCertificate.ps1;tooling/dev-pki/New-DevelopmentCa.ps1;tooling/dev-pki/Set-DevelopmentCaTrust.ps1,PENDING-AUDIT,
a8fdffda5162b9709af714214c82a38589c34fb2,feat(ble): gate exp0 sessions and verify wire vectors,android-and-mobile;identity-trust-pki;protocol-events-vectors;requirements-and-architecture,IDN;LAT-001;LAT-002;LAT-003;LAT-006;LAT-008;LAT-009;LAT-010;LAT-011;LAT-013;LAT-016;LAT-018;MOB,Cargo.lock;apps/android/app/build.gradle.kts;apps/android/app/src/main/kotlin/com/astraive/lattice/BleExp0CentralSession.kt;apps/android/app/src/main/kotlin/com/astraive/lattice/BleGattAdapters.kt;apps/android/app/src/main/kotlin/uniffi/lattice_uniffi/lattice_uniffi.kt;apps/android/app/src/test/kotlin/com/astraive/lattice/BleExp0AdvertisementTest.kt;crates/lattice-crypto/Cargo.toml;crates/lattice-crypto/src/lib.rs;crates/lattice-identity/src/lib.rs;docs/decisions/ADR-005-ble-exp0-profile.md;docs/features/mobile.md;docs/features/networking.md;docs/protocol/PROTOCOL.md;docs/quality/FEATURE_LEDGER.md;docs/verification/EVIDENCE_INDEX.md;docs/verification/SECURITY_NEGATIVE_MATRIX.md;docs/verification/TRANSPORT_MATRIX.md;protocol/specs/10-ble.md;protocol/vectors/ble-exp0.json,PENDING-AUDIT,
55f8626bef6ca8c5c4263a92b506fdb77883214d,Merge pull request #60 from Astraive/feat/issue-8-ble,android-and-mobile;identity-trust-pki;protocol-events-vectors;requirements-and-architecture,IDN;LAT-001;LAT-002;LAT-003;LAT-006;LAT-008;LAT-009;LAT-010;LAT-011;LAT-013;LAT-016;LAT-018;MOB,Cargo.lock;apps/android/app/build.gradle.kts;apps/android/app/src/main/kotlin/com/astraive/lattice/BleExp0CentralSession.kt;apps/android/app/src/main/kotlin/com/astraive/lattice/BleGattAdapters.kt;apps/android/app/src/main/kotlin/uniffi/lattice_uniffi/lattice_uniffi.kt;apps/android/app/src/test/kotlin/com/astraive/lattice/BleExp0AdvertisementTest.kt;crates/lattice-crypto/Cargo.toml;crates/lattice-crypto/src/lib.rs;crates/lattice-identity/src/lib.rs;docs/decisions/ADR-005-ble-exp0-profile.md;docs/features/mobile.md;docs/features/networking.md;docs/protocol/PROTOCOL.md;docs/quality/FEATURE_LEDGER.md;docs/verification/EVIDENCE_INDEX.md;docs/verification/SECURITY_NEGATIVE_MATRIX.md;docs/verification/TRANSPORT_MATRIX.md;protocol/specs/10-ble.md;protocol/vectors/ble-exp0.json,PENDING-AUDIT,
032ed3b0b004028c6f8129b0608c552bb40d9b09,feat(quality): track full Git-union history ledger,build-repository-maintenance;requirements-and-architecture,,.github/workflows/ci.yml;docs/quality/COMMIT_FEATURE_MAP.csv;docs/quality/FEATURE_LEDGER.md;docs/quality/HISTORY_INDEX.csv;docs/verification/EVIDENCE_INDEX.md;docs/verification/FEATURE_LEDGER.json;docs/verification/FEATURE_LEDGER.md;tooling/quality/history_ledger.py;tooling/quality/test_history_ledger.py,PENDING-AUDIT,
7089e5fe05dbcda9d09bb64e76444a07d2a3fdb6,docs(quality): refresh ledger after stacked merges,requirements-and-architecture,,docs/quality/COMMIT_FEATURE_MAP.csv;docs/quality/FEATURE_LEDGER.md;docs/quality/HISTORY_INDEX.csv;docs/verification/EVIDENCE_INDEX.md;docs/verification/FEATURE_LEDGER.json;docs/verification/FEATURE_LEDGER.md,PENDING-AUDIT,
47ba4fc1c0f76dcc3100f2033b56cf0f6127bf35,Merge pull request #61 from Astraive/feat/issue-6-ledger,build-repository-maintenance;requirements-and-architecture,,.github/workflows/ci.yml;docs/quality/COMMIT_FEATURE_MAP.csv;docs/quality/FEATURE_LEDGER.md;docs/quality/HISTORY_INDEX.csv;docs/verification/EVIDENCE_INDEX.md;docs/verification/FEATURE_LEDGER.json;docs/verification/FEATURE_LEDGER.md;tooling/quality/history_ledger.py;tooling/quality/test_history_ledger.py,PENDING-AUDIT,
85b91dfb441dafd3bcd7369ddd49f7093feb5089,test(protocol): add deterministic sync scenario harness,protocol-events-vectors;requirements-and-architecture;sync-routing-transport;tests-and-fuzzing,LAT-002;LAT-003;LAT-005;LAT-006;LAT-007;LAT-011;LAT-018;NET,Cargo.lock;Cargo.toml;docs/quality/FEATURE_LEDGER.md;docs/verification/EVIDENCE_INDEX.md;docs/verification/FEATURE_LEDGER.md;tests/Cargo.toml;tests/protocol/.gitkeep;tests/protocol/protocol_vectors.rs;tests/sync/.gitkeep;tests/sync/replica_convergence.rs,PENDING-AUDIT,
fd6a73fa86586ded6a8c688d4351044b56ab7eef,docs(quality): refresh ledger after beta merge,requirements-and-architecture,,docs/quality/COMMIT_FEATURE_MAP.csv;docs/quality/FEATURE_LEDGER.md;docs/quality/HISTORY_INDEX.csv;docs/verification/EVIDENCE_INDEX.md;docs/verification/FEATURE_LEDGER.json;docs/verification/FEATURE_LEDGER.md,PENDING-AUDIT,
10b01c53b98fcf22780cb0c679944565af85c61a,Merge pull request #62 from Astraive/feat/issue-9-protocol-sync-harness,protocol-events-vectors;requirements-and-architecture;sync-routing-transport;tests-and-fuzzing,LAT-002;LAT-003;LAT-005;LAT-006;LAT-007;LAT-011;LAT-018;NET,Cargo.lock;Cargo.toml;docs/quality/COMMIT_FEATURE_MAP.csv;docs/quality/FEATURE_LEDGER.md;docs/quality/HISTORY_INDEX.csv;docs/verification/EVIDENCE_INDEX.md;docs/verification/FEATURE_LEDGER.json;docs/verification/FEATURE_LEDGER.md;tests/Cargo.toml;tests/protocol/.gitkeep;tests/protocol/protocol_vectors.rs;tests/sync/.gitkeep;tests/sync/replica_convergence.rs,PENDING-AUDIT,
94b1604781637662148c552e485185d20f6bd114,ci: fail on empty required test suites,android-and-mobile;build-repository-maintenance,LAT-001;LAT-008;LAT-009;LAT-010;LAT-013;LAT-016;MOB,.github/workflows/test-suite-policy.yml;apps/android/app/build.gradle.kts;tooling/quality/test-suite-policy.json;tooling/quality/test_suite_policy.py,PENDING-AUDIT,
c01758560682e1959015ca03ed6ef9acb77f9b47,ci: install desktop dependencies for Rust suite audit,build-repository-maintenance,,.github/workflows/test-suite-policy.yml,PENDING-AUDIT,
